Name,quarter,new_build,existing,cash,mortgage,total_transactions,cash_share,cash_share_pct,total_stockmix_check
England,1968-06-30,,,,,,,,
Wales,1968-06-30,,,,,,,,
England,1968-09-30,,,,,,,,
Wales,1968-09-30,,,,,,,,
England,1968-12-31,,,,,,,,
Wales,1968-12-31,,,,,,,,
England,1969-03-31,,,,,,,,
Wales,1969-03-31,,,,,,,,
England,1969-06-30,,,,,,,,
Wales,1969-06-30,,,,,,,,
England,1969-09-30,,,,,,,,
Wales,1969-09-30,,,,,,,,
England,1969-12-31,,,,,,,,
Wales,1969-12-31,,,,,,,,
England,1970-03-31,,,,,,,,
Wales,1970-03-31,,,,,,,,
England,1970-06-30,,,,,,,,
Wales,1970-06-30,,,,,,,,
England,1970-09-30,,,,,,,,
Wales,1970-09-30,,,,,,,,
England,1970-12-31,,,,,,,,
Wales,1970-12-31,,,,,,,,
England,1971-03-31,,,,,,,,
Wales,1971-03-31,,,,,,,,
England,1971-06-30,,,,,,,,
Wales,1971-06-30,,,,,,,,
England,1971-09-30,,,,,,,,
Wales,1971-09-30,,,,,,,,
England,1971-12-31,,,,,,,,
Wales,1971-12-31,,,,,,,,
England,1972-03-31,,,,,,,,
Wales,1972-03-31,,,,,,,,
England,1972-06-30,,,,,,,,
Wales,1972-06-30,,,,,,,,
England,1972-09-30,,,,,,,,
Wales,1972-09-30,,,,,,,,
England,1972-12-31,,,,,,,,
Wales,1972-12-31,,,,,,,,
England,1973-03-31,,,,,,,,
Wales,1973-03-31,,,,,,,,
England,1973-06-30,,,,,,,,
Wales,1973-06-30,,,,,,,,
England,1973-09-30,,,,,,,,
Wales,1973-09-30,,,,,,,,
England,1973-12-31,,,,,,,,
Wales,1973-12-31,,,,,,,,
England,1974-03-31,,,,,,,,
Wales,1974-03-31,,,,,,,,
England,1974-06-30,,,,,,,,
Wales,1974-06-30,,,,,,,,
England,1974-09-30,,,,,,,,
Wales,1974-09-30,,,,,,,,
England,1974-12-31,,,,,,,,
Wales,1974-12-31,,,,,,,,
England,1975-03-31,,,,,,,,
Wales,1975-03-31,,,,,,,,
England,1975-06-30,,,,,,,,
Wales,1975-06-30,,,,,,,,
England,1975-09-30,,,,,,,,
Wales,1975-09-30,,,,,,,,
England,1975-12-31,,,,,,,,
Wales,1975-12-31,,,,,,,,
England,1976-03-31,,,,,,,,
Wales,1976-03-31,,,,,,,,
England,1976-06-30,,,,,,,,
Wales,1976-06-30,,,,,,,,
England,1976-09-30,,,,,,,,
Wales,1976-09-30,,,,,,,,
England,1976-12-31,,,,,,,,
Wales,1976-12-31,,,,,,,,
England,1977-03-31,,,,,,,,
Wales,1977-03-31,,,,,,,,
England,1977-06-30,,,,,,,,
Wales,1977-06-30,,,,,,,,
England,1977-09-30,,,,,,,,
Wales,1977-09-30,,,,,,,,
England,1977-12-31,,,,,,,,
Wales,1977-12-31,,,,,,,,
England,1978-03-31,,,,,,,,
Wales,1978-03-31,,,,,,,,
England,1978-06-30,,,,,,,,
Wales,1978-06-30,,,,,,,,
England,1978-09-30,,,,,,,,
Wales,1978-09-30,,,,,,,,
England,1978-12-31,,,,,,,,
Wales,1978-12-31,,,,,,,,
England,1979-03-31,,,,,,,,
Wales,1979-03-31,,,,,,,,
England,1979-06-30,,,,,,,,
Wales,1979-06-30,,,,,,,,
England,1979-09-30,,,,,,,,
Wales,1979-09-30,,,,,,,,
England,1979-12-31,,,,,,,,
Wales,1979-12-31,,,,,,,,
England,1980-03-31,,,,,,,,
Wales,1980-03-31,,,,,,,,
England,1980-06-30,,,,,,,,
Wales,1980-06-30,,,,,,,,
England,1980-09-30,,,,,,,,
Wales,1980-09-30,,,,,,,,
England,1980-12-31,,,,,,,,
Wales,1980-12-31,,,,,,,,
England,1981-03-31,,,,,,,,
Wales,1981-03-31,,,,,,,,
England,1981-06-30,,,,,,,,
Wales,1981-06-30,,,,,,,,
England,1981-09-30,,,,,,,,
Wales,1981-09-30,,,,,,,,
England,1981-12-31,,,,,,,,
Wales,1981-12-31,,,,,,,,
England,1982-03-31,,,,,,,,
Wales,1982-03-31,,,,,,,,
England,1982-06-30,,,,,,,,
Wales,1982-06-30,,,,,,,,
England,1982-09-30,,,,,,,,
Wales,1982-09-30,,,,,,,,
England,1982-12-31,,,,,,,,
Wales,1982-12-31,,,,,,,,
England,1983-03-31,,,,,,,,
Wales,1983-03-31,,,,,,,,
England,1983-06-30,,,,,,,,
Wales,1983-06-30,,,,,,,,
England,1983-09-30,,,,,,,,
Wales,1983-09-30,,,,,,,,
England,1983-12-31,,,,,,,,
Wales,1983-12-31,,,,,,,,
England,1984-03-31,,,,,,,,
Wales,1984-03-31,,,,,,,,
England,1984-06-30,,,,,,,,
Wales,1984-06-30,,,,,,,,
England,1984-09-30,,,,,,,,
Wales,1984-09-30,,,,,,,,
England,1984-12-31,,,,,,,,
Wales,1984-12-31,,,,,,,,
England,1985-03-31,,,,,,,,
Wales,1985-03-31,,,,,,,,
England,1985-06-30,,,,,,,,
Wales,1985-06-30,,,,,,,,
England,1985-09-30,,,,,,,,
Wales,1985-09-30,,,,,,,,
England,1985-12-31,,,,,,,,
Wales,1985-12-31,,,,,,,,
England,1986-03-31,,,,,,,,
Wales,1986-03-31,,,,,,,,
England,1986-06-30,,,,,,,,
Wales,1986-06-30,,,,,,,,
England,1986-09-30,,,,,,,,
Wales,1986-09-30,,,,,,,,
England,1986-12-31,,,,,,,,
Wales,1986-12-31,,,,,,,,
England,1987-03-31,,,,,,,,
Wales,1987-03-31,,,,,,,,
England,1987-06-30,,,,,,,,
Wales,1987-06-30,,,,,,,,
England,1987-09-30,,,,,,,,
Wales,1987-09-30,,,,,,,,
England,1987-12-31,,,,,,,,
Wales,1987-12-31,,,,,,,,
England,1988-03-31,,,,,,,,
Wales,1988-03-31,,,,,,,,
England,1988-06-30,,,,,,,,
Wales,1988-06-30,,,,,,,,
England,1988-09-30,,,,,,,,
Wales,1988-09-30,,,,,,,,
England,1988-12-31,,,,,,,,
Wales,1988-12-31,,,,,,,,
England,1989-03-31,,,,,,,,
Wales,1989-03-31,,,,,,,,
England,1989-06-30,,,,,,,,
Wales,1989-06-30,,,,,,,,
England,1989-09-30,,,,,,,,
Wales,1989-09-30,,,,,,,,
England,1989-12-31,,,,,,,,
Wales,1989-12-31,,,,,,,,
England,1990-03-31,,,,,,,,
Wales,1990-03-31,,,,,,,,
England,1990-06-30,,,,,,,,
Wales,1990-06-30,,,,,,,,
England,1990-09-30,,,,,,,,
Wales,1990-09-30,,,,,,,,
England,1990-12-31,,,,,,,,
Wales,1990-12-31,,,,,,,,
England,1991-03-31,,,,,,,,
Wales,1991-03-31,,,,,,,,
England,1991-06-30,,,,,,,,
Wales,1991-06-30,,,,,,,,
England,1991-09-30,,,,,,,,
Wales,1991-09-30,,,,,,,,
England,1991-12-31,,,,,,,,
Wales,1991-12-31,,,,,,,,
England,1992-03-31,,,,,,,,
Wales,1992-03-31,,,,,,,,
England,1992-06-30,,,,,,,,
Wales,1992-06-30,,,,,,,,
England,1992-09-30,,,,,,,,
Wales,1992-09-30,,,,,,,,
England,1992-12-31,,,,,,,,
Wales,1992-12-31,,,,,,,,
England,1993-03-31,,,,,,,,
Wales,1993-03-31,,,,,,,,
England,1993-06-30,,,,,,,,
Wales,1993-06-30,,,,,,,,
England,1993-09-30,,,,,,,,
Wales,1993-09-30,,,,,,,,
England,1993-12-31,,,,,,,,
Wales,1993-12-31,,,,,,,,
England,1994-03-31,,,,,,,,
Wales,1994-03-31,,,,,,,,
England,1994-06-30,,,,,,,,
Wales,1994-06-30,,,,,,,,
England,1994-09-30,,,,,,,,
Wales,1994-09-30,,,,,,,,
England,1994-12-31,,,,,,,,
Wales,1994-12-31,,,,,,,,
England,1995-03-31,9447.0,57578.0,,,,,,67025.0
Wales,1995-03-31,448.0,2685.0,,,,,,3133.0
England,1995-06-30,12068.0,60572.0,,,,,,72640.0
Wales,1995-06-30,521.0,2654.0,,,,,,3175.0
England,1995-09-30,8863.0,58388.0,,,,,,67251.0
Wales,1995-09-30,463.0,2728.0,,,,,,3191.0
England,1995-12-31,12039.0,57306.0,,,,,,69345.0
Wales,1995-12-31,506.0,2674.0,,,,,,3180.0
England,1996-03-31,9154.0,59299.0,,,,,,68453.0
Wales,1996-03-31,546.0,3071.0,,,,,,3617.0
England,1996-06-30,11844.0,63701.0,,,,,,75545.0
Wales,1996-06-30,560.0,2780.0,,,,,,3340.0
England,1996-09-30,9279.0,70737.0,,,,,,80016.0
Wales,1996-09-30,489.0,3135.0,,,,,,3624.0
England,1996-12-31,12549.0,74162.0,,,,,,86711.0
Wales,1996-12-31,464.0,3265.0,,,,,,3729.0
England,1997-03-31,9476.0,66597.0,,,,,,76073.0
Wales,1997-03-31,451.0,3593.0,,,,,,4044.0
England,1997-06-30,12942.0,82474.0,,,,,,95416.0
Wales,1997-06-30,579.0,3578.0,,,,,,4157.0
England,1997-09-30,9223.0,80269.0,,,,,,89492.0
Wales,1997-09-30,496.0,3549.0,,,,,,4045.0
England,1997-12-31,12191.0,75402.0,,,,,,87593.0
Wales,1997-12-31,593.0,3359.0,,,,,,3952.0
England,1998-03-31,8721.0,67981.0,,,,,,76702.0
Wales,1998-03-31,446.0,3164.0,,,,,,3610.0
England,1998-06-30,12301.0,79422.0,,,,,,91723.0
Wales,1998-06-30,544.0,3492.0,,,,,,4036.0
England,1998-09-30,8501.0,76782.0,,,,,,85283.0
Wales,1998-09-30,376.0,3245.0,,,,,,3621.0
England,1998-12-31,11414.0,72740.0,,,,,,84154.0
Wales,1998-12-31,546.0,3276.0,,,,,,3822.0
England,1999-03-31,9267.0,74680.0,,,,,,83947.0
Wales,1999-03-31,402.0,3080.0,,,,,,3482.0
England,1999-06-30,12075.0,88769.0,,,,,,100844.0
Wales,1999-06-30,507.0,3515.0,,,,,,4022.0
England,1999-09-30,9423.0,93022.0,,,,,,102445.0
Wales,1999-09-30,430.0,3851.0,,,,,,4281.0
England,1999-12-31,12686.0,89756.0,,,,,,102442.0
Wales,1999-12-31,630.0,4126.0,,,,,,4756.0
England,2000-03-31,10938.0,85416.0,,,,,,96354.0
Wales,2000-03-31,564.0,4181.0,,,,,,4745.0
England,2000-06-30,13310.0,92121.0,,,,,,105431.0
Wales,2000-06-30,726.0,4582.0,,,,,,5308.0
England,2000-09-30,8974.0,79174.0,,,,,,88148.0
Wales,2000-09-30,523.0,4220.0,,,,,,4743.0
England,2000-12-31,12444.0,78379.0,,,,,,90823.0
Wales,2000-12-31,747.0,4026.0,,,,,,4773.0
England,2001-03-31,9944.0,80282.0,,,,,,90226.0
Wales,2001-03-31,534.0,3988.0,,,,,,4522.0
England,2001-06-30,14297.0,99150.0,,,,,,113447.0
Wales,2001-06-30,900.0,4912.0,,,,,,5812.0
England,2001-09-30,8561.0,89735.0,,,,,,98296.0
Wales,2001-09-30,464.0,4451.0,,,,,,4915.0
England,2001-12-31,12624.0,80705.0,,,,,,93329.0
Wales,2001-12-31,675.0,4278.0,,,,,,4953.0
England,2002-03-31,10881.0,91947.0,,,,,,102828.0
Wales,2002-03-31,657.0,5060.0,,,,,,5717.0
England,2002-06-30,13114.0,91171.0,,,,,,104285.0
Wales,2002-06-30,709.0,4803.0,,,,,,5512.0
England,2002-09-30,9427.0,94627.0,,,,,,104054.0
Wales,2002-09-30,484.0,4843.0,,,,,,5327.0
England,2002-12-31,13683.0,88387.0,,,,,,102070.0
Wales,2002-12-31,674.0,4787.0,,,,,,5461.0
England,2003-03-31,8560.0,71552.0,,,,,,80112.0
Wales,2003-03-31,470.0,4049.0,,,,,,4519.0
England,2003-06-30,13396.0,81111.0,,,,,,94507.0
Wales,2003-06-30,707.0,4844.0,,,,,,5551.0
England,2003-09-30,9582.0,97100.0,,,,,,106682.0
Wales,2003-09-30,409.0,5076.0,,,,,,5485.0
England,2003-12-31,15732.0,100373.0,,,,,,116105.0
Wales,2003-12-31,725.0,5348.0,,,,,,6073.0
England,2004-03-31,9871.0,90471.0,,,,,,100342.0
Wales,2004-03-31,513.0,4743.0,,,,,,5256.0
England,2004-06-30,14340.0,104537.0,,,,,,118877.0
Wales,2004-06-30,591.0,5097.0,,,,,,5688.0
England,2004-09-30,9113.0,84883.0,,,,,,93996.0
Wales,2004-09-30,464.0,3812.0,,,,,,4276.0
England,2004-12-31,14411.0,66477.0,,,,,,80888.0
Wales,2004-12-31,663.0,3061.0,,,,,,3724.0
England,2005-03-31,8639.0,58683.0,,,,,,67322.0
Wales,2005-03-31,364.0,2972.0,,,,,,3336.0
England,2005-06-30,14193.0,77887.0,,,,,,92080.0
Wales,2005-06-30,596.0,3675.0,,,,,,4271.0
England,2005-09-30,10585.0,85606.0,,,,,,96191.0
Wales,2005-09-30,471.0,4063.0,,,,,,4534.0
England,2005-12-31,16356.0,85933.0,,,,,,102289.0
Wales,2005-12-31,661.0,4043.0,,,,,,4704.0
England,2006-03-31,11840.0,87556.0,,,,,,99396.0
Wales,2006-03-31,517.0,4146.0,,,,,,4663.0
England,2006-06-30,16940.0,103739.0,,,,,,120679.0
Wales,2006-06-30,769.0,4986.0,,,,,,5755.0
England,2006-09-30,10584.0,103177.0,,,,,,113761.0
Wales,2006-09-30,477.0,5005.0,,,,,,5482.0
England,2006-12-31,16355.0,103103.0,,,,,,119458.0
Wales,2006-12-31,656.0,5291.0,,,,,,5947.0
England,2007-03-31,10094.0,92945.0,,,,,,103039.0
Wales,2007-03-31,341.0,4554.0,,,,,,4895.0
England,2007-06-30,13570.0,106506.0,,,,,,120076.0
Wales,2007-06-30,416.0,5509.0,,,,,,5925.0
England,2007-09-30,6426.0,89345.0,,,,,,95771.0
Wales,2007-09-30,179.0,4212.0,,,,,,4391.0
England,2007-12-31,9795.0,69516.0,,,,,,79311.0
Wales,2007-12-31,395.0,3679.0,,,,,,4074.0
England,2008-03-31,6565.0,49501.0,,,,,,56066.0
Wales,2008-03-31,303.0,2620.0,,,,,,2923.0
England,2008-06-30,9648.0,47390.0,,,,,,57038.0
Wales,2008-06-30,453.0,2584.0,,,,,,3037.0
England,2008-09-30,5370.0,34852.0,,,,,,40222.0
Wales,2008-09-30,245.0,1787.0,,,,,,2032.0
England,2008-12-31,7451.0,31089.0,,,,,,38540.0
Wales,2008-12-31,419.0,1566.0,,,,,,1985.0
England,2009-03-31,4984.0,29873.0,,,,,,34857.0
Wales,2009-03-31,496.0,1517.0,,,,,,2013.0
England,2009-06-30,7711.0,43347.0,,,,,,51058.0
Wales,2009-06-30,414.0,2134.0,,,,,,2548.0
England,2009-09-30,5236.0,50832.0,,,,,,56068.0
Wales,2009-09-30,293.0,2351.0,,,,,,2644.0
England,2009-12-31,8349.0,67027.0,,,,,,75376.0
Wales,2009-12-31,376.0,3029.0,,,,,,3405.0
England,2010-03-31,5186.0,43980.0,,,,,,49166.0
Wales,2010-03-31,225.0,2154.0,,,,,,2379.0
England,2010-06-30,7278.0,52609.0,,,,,,59887.0
Wales,2010-06-30,371.0,2642.0,,,,,,3013.0
England,2010-09-30,5040.0,50074.0,,,,,,55114.0
Wales,2010-09-30,263.0,2279.0,,,,,,2542.0
England,2010-12-31,6242.0,48141.0,,,,,,54383.0
Wales,2010-12-31,314.0,2401.0,,,,,,2715.0
England,2011-03-31,4707.0,39861.0,,,,,,44568.0
Wales,2011-03-31,236.0,2044.0,,,,,,2280.0
England,2011-06-30,7427.0,47799.0,,,,,,55226.0
Wales,2011-06-30,448.0,2273.0,,,,,,2721.0
England,2011-09-30,5216.0,55644.0,,,,,,60860.0
Wales,2011-09-30,296.0,2579.0,,,,,,2875.0
England,2011-12-31,7641.0,53350.0,,,,,,60991.0
Wales,2011-12-31,396.0,2523.0,,,,,,2919.0
England,2012-03-31,6819.0,52171.0,17163.0,41825.0,58988.0,0.2909574828778735,29.095748287787348,58990.0
Wales,2012-03-31,322.0,2280.0,838.0,1764.0,2602.0,0.3220599538816295,32.20599538816295,2602.0
England,2012-06-30,8434.0,48778.0,17333.0,39879.0,57212.0,0.302960917290079,30.2960917290079,57212.0
Wales,2012-06-30,486.0,2438.0,982.0,1942.0,2924.0,0.33584131326949385,33.58413132694938,2924.0
England,2012-09-30,5112.0,45558.0,16606.0,34063.0,50669.0,0.3277349069450749,32.77349069450749,50670.0
Wales,2012-09-30,243.0,2206.0,912.0,1537.0,2449.0,0.37239689669252757,37.239689669252755,2449.0
England,2012-12-31,7510.0,46544.0,17216.0,36838.0,54054.0,0.3184963184963185,31.849631849631848,54054.0
Wales,2012-12-31,399.0,2290.0,933.0,1756.0,2689.0,0.34696913350687986,34.696913350687986,2689.0
England,2013-03-31,6106.0,45993.0,17323.0,34775.0,52098.0,0.3325079657568429,33.25079657568429,52099.0
Wales,2013-03-31,294.0,2307.0,916.0,1685.0,2601.0,0.35217224144559783,35.217224144559786,2601.0
England,2013-06-30,9826.0,53396.0,20487.0,42732.0,63219.0,0.32406396811085275,32.40639681108527,63222.0
Wales,2013-06-30,476.0,2707.0,1083.0,2100.0,3183.0,0.3402450518378888,34.024505183788875,3183.0
England,2013-09-30,6472.0,60745.0,22762.0,44453.0,67215.0,0.3386446477720747,33.86446477720747,67217.0
Wales,2013-09-30,278.0,2940.0,1202.0,2016.0,3218.0,0.3735239279055314,37.35239279055314,3218.0
England,2013-12-31,10142.0,67691.0,24885.0,52944.0,77829.0,0.31973942874763905,31.973942874763907,77833.0
Wales,2013-12-31,510.0,3377.0,1401.0,2486.0,3887.0,0.3604322099305377,36.04322099305377,3887.0
England,2014-03-31,7020.0,59574.0,22165.0,44429.0,66594.0,0.3328377931945821,33.28377931945821,66594.0
Wales,2014-03-31,277.0,2937.0,1226.0,1988.0,3214.0,0.3814561294337274,38.14561294337274,3214.0
England,2014-06-30,11552.0,68076.0,25527.0,54099.0,79626.0,0.32058624067515634,32.05862406751564,79628.0
Wales,2014-06-30,474.0,3375.0,1401.0,2448.0,3849.0,0.36399064692127825,36.39906469212782,3849.0
England,2014-09-30,6986.0,70561.0,25757.0,51784.0,77541.0,0.3321726570459499,33.217265704594986,77547.0
Wales,2014-09-30,325.0,3329.0,1371.0,2283.0,3654.0,0.37520525451559933,37.520525451559934,3654.0
England,2014-12-31,10311.0,66430.0,25384.0,51346.0,76730.0,0.33082236413397625,33.082236413397624,76741.0
Wales,2014-12-31,503.0,3333.0,1377.0,2459.0,3836.0,0.3589676746611053,35.89676746611053,3836.0
England,2015-03-31,7829.0,57452.0,22251.0,43020.0,65271.0,0.34090177873787747,34.090177873787745,65281.0
Wales,2015-03-31,346.0,2928.0,1255.0,2019.0,3274.0,0.3833231521075137,38.332315210751375,3274.0
England,2015-06-30,13153.0,68704.0,25994.0,55821.0,81815.0,0.3177168000977816,31.77168000977816,81857.0
Wales,2015-06-30,671.0,3381.0,1400.0,2650.0,4050.0,0.345679012345679,34.5679012345679,4052.0
England,2015-09-30,8030.0,72162.0,25700.0,54409.0,80109.0,0.3208128924340586,32.081289243405855,80192.0
Wales,2015-09-30,384.0,3417.0,1404.0,2388.0,3792.0,0.370253164556962,37.0253164556962,3801.0
England,2015-12-31,9509.0,70857.0,24819.0,55183.0,80002.0,0.3102297442563936,31.02297442563936,80366.0
Wales,2015-12-31,428.0,3701.0,1444.0,2660.0,4104.0,0.35185185185185186,35.18518518518518,4129.0
England,2016-03-31,8957.0,110345.0,44369.0,74734.0,119103.0,0.3725263007648842,37.252630076488416,119302.0
Wales,2016-03-31,317.0,5427.0,2489.0,3238.0,5727.0,0.4346079972062162,43.460799720621615,5744.0
England,2016-06-30,12312.0,61947.0,21717.0,52498.0,74215.0,0.29262278515124973,29.262278515124972,74259.0
Wales,2016-06-30,496.0,3316.0,1249.0,2560.0,3809.0,0.3279075872932528,32.79075872932528,3812.0
England,2016-09-30,8544.0,67570.0,23122.0,52955.0,76077.0,0.3039289141264771,30.39289141264771,76114.0
Wales,2016-09-30,343.0,3711.0,1393.0,2658.0,4051.0,0.34386571216983464,34.38657121698346,4054.0
England,2016-12-31,12985.0,66620.0,23932.0,55623.0,79555.0,0.30082332977185594,30.082332977185594,79605.0
Wales,2016-12-31,619.0,3962.0,1578.0,3001.0,4579.0,0.34461672854335007,34.461672854335006,4581.0
England,2017-03-31,9649.0,64737.0,23503.0,50814.0,74317.0,0.31625334714802805,31.625334714802804,74386.0
Wales,2017-03-31,354.0,3555.0,1440.0,2465.0,3905.0,0.3687580025608195,36.875800256081945,3909.0
England,2017-06-30,13948.0,70379.0,27326.0,56966.0,84292.0,0.32418260333127696,32.4182603331277,84327.0
Wales,2017-06-30,567.0,4124.0,1673.0,3016.0,4689.0,0.3567924930688846,35.67924930688846,4691.0
England,2017-09-30,8984.0,69098.0,23320.0,54727.0,78047.0,0.29879431624533936,29.879431624533936,78082.0
Wales,2017-09-30,338.0,4086.0,1560.0,2863.0,4423.0,0.35270178611801944,35.270178611801946,4424.0
England,2017-12-31,12875.0,63647.0,21469.0,55017.0,76486.0,0.2806918913265173,28.06918913265173,76522.0
Wales,2017-12-31,610.0,4049.0,1504.0,3152.0,4656.0,0.3230240549828179,32.302405498281786,4659.0
England,2018-03-31,9735.0,58449.0,19499.0,48633.0,68132.0,0.2861944460752657,28.619444607526567,68184.0
Wales,2018-03-31,341.0,3459.0,1287.0,2511.0,3798.0,0.33886255924170616,33.88625592417062,3800.0
England,2018-06-30,15200.0,63856.0,21543.0,57475.0,79018.0,0.2726340833734086,27.26340833734086,79056.0
Wales,2018-06-30,575.0,3769.0,1390.0,2951.0,4341.0,0.32020271826768026,32.020271826768024,4344.0
England,2018-09-30,8797.0,60042.0,20188.0,48615.0,68803.0,0.29341743819310206,29.341743819310206,68839.0
Wales,2018-09-30,304.0,3655.0,1341.0,2618.0,3959.0,0.33872189946956305,33.872189946956304,3959.0
England,2018-12-31,13145.0,56696.0,18738.0,51061.0,69799.0,0.2684565681456754,26.84565681456754,69841.0
Wales,2018-12-31,616.0,3639.0,1334.0,2916.0,4250.0,0.31388235294117645,31.388235294117646,4255.0
England,2019-03-31,9866.0,55340.0,17969.0,47105.0,65074.0,0.27613178842548486,27.613178842548486,65206.0
Wales,2019-03-31,298.0,3341.0,1195.0,2432.0,3627.0,0.329473393989523,32.9473393989523,3639.0
England,2019-06-30,14266.0,54735.0,17590.0,50955.0,68545.0,0.25661973885768474,25.661973885768475,69001.0
Wales,2019-06-30,499.0,3498.0,1187.0,2786.0,3973.0,0.2987666750566323,29.876667505663228,3997.0
England,2019-09-30,8996.0,60024.0,18800.0,49162.0,67962.0,0.2766251728907331,27.662517289073307,69020.0
Wales,2019-09-30,328.0,3595.0,1226.0,2625.0,3851.0,0.31835886782653855,31.835886782653855,3923.0
England,2019-12-31,13033.0,57508.0,18388.0,50472.0,68860.0,0.26703456288120825,26.703456288120826,70541.0
Wales,2019-12-31,524.0,3565.0,1160.0,2809.0,3969.0,0.2922650541698161,29.226505416981606,4089.0
England,2020-03-31,7890.0,49736.0,15525.0,39966.0,55491.0,0.27977509866464834,27.977509866464835,57626.0
Wales,2020-03-31,279.0,3061.0,1028.0,2197.0,3225.0,0.3187596899224806,31.875968992248062,3340.0
England,2020-06-30,4889.0,41775.0,12806.0,32975.0,45781.0,0.279723029204255,27.972302920425502,46664.0
Wales,2020-06-30,141.0,1872.0,596.0,1376.0,1972.0,0.3022312373225152,30.223123732251523,2013.0
England,2020-09-30,6332.0,56532.0,17116.0,44353.0,61469.0,0.2784492996469765,27.844929964697652,62864.0
Wales,2020-09-30,131.0,2728.0,877.0,1917.0,2794.0,0.3138869005010737,31.38869005010737,2859.0
England,2020-12-31,7389.0,78316.0,23812.0,59267.0,83079.0,0.2866187604569145,28.661876045691447,85705.0
Wales,2020-12-31,238.0,4691.0,1676.0,3109.0,4785.0,0.35026123301985373,35.02612330198537,4929.0
England,2021-03-31,13487.0,115038.0,38047.0,90217.0,128264.0,0.29663038732613983,29.663038732613984,128525.0
Wales,2021-03-31,396.0,5108.0,1811.0,3682.0,5493.0,0.3296923356999818,32.96923356999818,5504.0
England,2021-06-30,15360.0,147313.0,46666.0,115655.0,162321.0,0.2874920681858786,28.749206818587858,162673.0
Wales,2021-06-30,507.0,6589.0,2204.0,4878.0,7082.0,0.3112115221688789,31.121152216887886,7096.0
England,2021-09-30,11140.0,114514.0,36874.0,88390.0,125264.0,0.2943702899476306,29.43702899476306,125654.0
Wales,2021-09-30,308.0,4465.0,1552.0,3215.0,4767.0,0.32557163834696873,32.55716383469687,4773.0
England,2021-12-31,12181.0,63985.0,21100.0,54553.0,75653.0,0.2789050004626386,27.89050004626386,76166.0
Wales,2021-12-31,368.0,4177.0,1396.0,3121.0,4517.0,0.30905468231126854,30.905468231126854,4545.0
England,2022-03-31,9239.0,66201.0,21491.0,53540.0,75031.0,0.28642827631245754,28.642827631245755,75440.0
Wales,2022-03-31,243.0,3911.0,1319.0,2821.0,4140.0,0.3185990338164251,31.859903381642514,4154.0
England,2022-06-30,12789.0,59020.0,19490.0,51665.0,71155.0,0.2739090717447825,27.39090717447825,71809.0
Wales,2022-06-30,373.0,3245.0,1106.0,2490.0,3596.0,0.3075639599555061,30.756395995550612,3618.0
England,2022-09-30,9722.0,69778.0,22077.0,56356.0,78433.0,0.2814759093748805,28.147590937488047,79500.0
Wales,2022-09-30,283.0,3870.0,1345.0,2782.0,4127.0,0.32590259268233585,32.59025926823359,4153.0
England,2022-12-31,12444.0,60850.0,20311.0,51096.0,71407.0,0.2844399008500567,28.443990085005673,73294.0
Wales,2022-12-31,469.0,3539.0,1253.0,2675.0,3928.0,0.3189918533604888,31.89918533604888,4008.0
England,2023-03-31,6424.0,51105.0,19835.0,35714.0,55549.0,0.3570721345118724,35.70721345118724,57529.0
Wales,2023-03-31,205.0,3023.0,1149.0,1982.0,3131.0,0.36697540721814115,36.697540721814114,3228.0
England,2023-06-30,7460.0,48967.0,18023.0,36123.0,54146.0,0.33285930631994975,33.28593063199497,56427.0
Wales,2023-06-30,289.0,2921.0,1089.0,2040.0,3129.0,0.3480345158197507,34.80345158197507,3210.0
England,2023-09-30,4933.0,52492.0,17965.0,37279.0,55244.0,0.32519368619216565,32.519368619216564,57425.0
Wales,2023-09-30,138.0,3063.0,1080.0,2039.0,3119.0,0.3462648284706637,34.62648284706637,3201.0
England,2023-12-31,6710.0,45206.0,16433.0,32650.0,49083.0,0.3348002363343724,33.48002363343724,51916.0
Wales,2023-12-31,263.0,2752.0,976.0,1903.0,2879.0,0.33900659951372003,33.900659951372006,3015.0
England,2024-03-31,5364.0,48803.0,15969.0,34926.0,50895.0,0.3137636310050103,31.37636310050103,54167.0
Wales,2024-03-31,138.0,2729.0,910.0,1811.0,2721.0,0.3344358691657479,33.443586916574795,2867.0
England,2024-06-30,7816.0,50037.0,15666.0,38534.0,54200.0,0.2890405904059041,28.904059040590408,57853.0
Wales,2024-06-30,345.0,2829.0,895.0,2099.0,2994.0,0.2989311957247829,29.893119572478287,3174.0
England,2024-09-30,5445.0,57720.0,17193.0,41445.0,58638.0,0.2932057710017395,29.32057710017395,63165.0
Wales,2024-09-30,140.0,3130.0,967.0,2131.0,3098.0,0.3121368624919303,31.213686249193028,3270.0
England,2024-12-31,7968.0,57233.0,16634.0,43802.0,60436.0,0.2752333046528559,27.52333046528559,65201.0
Wales,2024-12-31,291.0,3256.0,961.0,2332.0,3293.0,0.2918311569996963,29.18311569996963,3547.0
England,2025-03-31,7502.0,101018.0,26643.0,68991.0,95634.0,0.2785933872890395,27.85933872890395,108520.0
Wales,2025-03-31,132.0,3297.0,1003.0,2071.0,3074.0,0.3262849707221861,32.62849707221861,3429.0
England,2025-06-30,2073.0,46034.0,10268.0,28978.0,39246.0,0.2616317586505631,26.16317586505631,48107.0
Wales,2025-06-30,50.0,2839.0,706.0,1749.0,2455.0,0.28757637474541753,28.757637474541752,2889.0
England,2025-09-30,230.0,45017.0,6814.0,17062.0,23876.0,0.2853911878036522,28.539118780365218,45247.0
Wales,2025-09-30,2.0,2450.0,435.0,966.0,1401.0,0.31049250535331907,31.049250535331907,2452.0
England,2025-12-31,86.0,47792.0,4161.0,11327.0,15488.0,0.26865960743801653,26.865960743801654,47878.0
Wales,2025-12-31,,2671.0,278.0,641.0,919.0,0.3025027203482046,30.25027203482046,
