geo,period,tx_existing_wales,tx_existing_england,tx_newbuild_wales,tx_newbuild_england,tx_total,mb_bs_gbp_m,mb_banks_gbp_m,mb_bs_plus_banks_gbp_m,mb_bs_plus_banks_spliced_gbp_m,mb_specialist_gbp_m,mb_other_gbp_m,mb_total_gbp_m,avg_house_price_gbp,months_with_tx,tx_newbuild_total,newbuild_share_of_transactions,all_dwellings_n,turnover_pct_q,gP_yoy,gTO_yoy,volP_8q,volTO_8q,gMB_yoy,W,volW_8q,calm,p,dNB_yoy,is_baseline,zW,zTO,zNB,fair_wedge_contrib,fair_turn_contrib,fair_nb_contrib,FAIR,dFAIR
EW,1999Q1,7813.0,184766.0,966.0,21334.0,214879.0,108440.0,314914.0,,423354.0,29722.0,2295.0,423354.0,71122.0,3,22300.0,0.103779336277626,20927000.0,0.010268026950829,,,,,,,,False,1999Q1,,False,,,,,,,,
EW,1999Q2,10132.0,248486.0,1389.0,30708.0,290715.0,108537.0,323053.0,,431590.0,30678.0,2284.0,431590.0,71122.0,3,32097.0,0.1104070997368556,20927000.0,0.0138918621876045,,,,,,,,False,1999Q2,,False,,,,,,,,
EW,1999Q3,12401.0,300972.0,1415.0,29423.0,344211.0,111658.0,330337.0,,441995.0,31772.0,2139.0,441995.0,71122.0,3,30838.0,0.0895903965881392,20927000.0,0.0164481769962249,,,,,,,,False,1999Q3,,False,,,,,,,,
EW,1999Q4,12529.0,280823.0,1716.0,32916.0,327984.0,113497.0,335449.0,,448946.0,34692.0,1488.0,448946.0,71122.0,3,34632.0,0.1055905166105663,20927000.0,0.0156727672384957,,,,,,,,False,1999Q4,,False,,,,,,,,
EW,2000Q1,9888.0,212432.0,1333.0,24317.0,247970.0,115028.0,340693.0,,455721.0,36510.0,1843.0,455721.0,80366.0,3,25650.0,0.1034399322498689,21075000.0,0.0117660735468564,0.1299738477545626,0.1458942991872898,,,0.0852759958678355,0.0446978518867271,,False,2000Q1,-0.0032704393758035133,False,1.015036946998318,0.6827789556801287,-0.15266983547147167,55.8270320849075,-23.897263448804505,-1.5266983547147168,30.403070281388278,
EW,2000Q2,12392.0,254940.0,1734.0,31507.0,300573.0,117186.0,347576.0,,464762.0,38457.0,1862.0,464762.0,80366.0,3,33241.0,0.1105921024177155,21075000.0,0.0142620640569395,0.1299738477545626,0.0266488296770843,,,0.0858511882868711,0.0441226594676915,,False,2000Q2,0.0016756411616720701,False,1.0000514570652481,0.012024635736731728,-0.12018894069108133,55.002830138588656,-0.42086225078561046,-1.2018894069108133,53.38007848089223,22.977008199503953
EW,2000Q3,12987.0,252089.0,1452.0,25805.0,292333.0,119719.0,350678.0,,470397.0,43386.0,1907.0,470397.0,80366.0,3,27257.0,0.0932395589960763,21075000.0,0.0138710794780545,0.1299738477545626,-0.1566798265097634,,,0.0847238420114817,0.0452500057430809,,False,2000Q3,0.04073162467081004,False,1.0294222131841428,-1.0191968321465552,0.1362915758094516,56.61822172512786,35.67188912512943,1.362915758094516,93.65302660835181,40.27294812745958
EW,2000Q4,11683.0,228318.0,1614.0,28913.0,270528.0,121636.0,351686.0,,473322.0,47380.0,1927.0,473322.0,80366.0,3,30527.0,0.1128422935888336,21075000.0,0.0128364412811387,0.1299738477545626,-0.1809716123640483,,,0.0793463049540257,0.0506275428005369,,False,2000Q4,0.0686782981185039,False,1.169523203343802,-1.1558378329982228,0.3198172893191164,64.32377618390912,40.4543241549378,3.1981728931911637,107.97627323203808,14.323246623686273
EW,2001Q1,9763.0,200752.0,1085.0,21478.0,233078.0,109259.0,379050.0,,488309.0,44338.0,2040.0,488309.0,88799.0,3,22563.0,0.0968045032135165,21207000.0,0.0109906163059367,0.1049324341139288,-0.0659062037842593,,,0.0821459293321773,0.0227865047817514,,False,2001Q1,-0.06414765450854998,False,0.44418055078199176,-0.5085963050981624,-0.5524503089732513,24.429930293009548,17.800870678435686,-5.524503089732513,36.70629788171272,-71.26997535032535
EW,2001Q2,12904.0,269946.0,1782.0,31535.0,316167.0,110846.0,387554.0,,498400.0,47825.0,2062.0,498400.0,88799.0,3,33317.0,0.1053778541087463,21207000.0,0.0149086150799264,0.1049324341139288,0.0453336221465299,,,0.0844225459525611,0.0205098881613676,,False,2001Q2,-0.04714846896819591,False,0.3848678506886522,0.11712636679288622,-0.44081671289550056,21.167731787875873,-4.099422837751018,-4.408167128955006,12.660141821169848,-24.046156060542874
EW,2001Q3,15271.0,309313.0,1533.0,27032.0,353149.0,111918.0,396499.0,,508417.0,53411.0,2032.0,508417.0,88799.0,3,28565.0,0.0808865379768879,21207000.0,0.0166524732399679,0.1049324341139288,0.200517469913849,,,0.0909665998490094,0.0139658342649193,,False,2001Q3,-0.1324869095499287,False,0.21437559359125227,0.9900336286193768,-1.0012339742514151,11.790657647518877,-34.651177001678185,-10.012339742514152,-32.87285909667346,-45.53300091784331
EW,2001Q4,14598.0,277055.0,1819.0,31056.0,324528.0,113413.0,404539.0,,517952.0,57234.0,2058.0,517952.0,88799.0,3,32875.0,0.1013009663264803,21207000.0,0.0153028716933088,0.1049324341139288,0.1921428500431941,0.0125207068203169,0.1402963088720154,0.1008307938273276,0.0041016402866012,0.0163510604772685,True,2001Q4,-0.10227838246895926,False,-0.042616283679622724,0.9429264934032684,-0.8028546752988079,-2.34389560237925,-33.00242726911439,-8.028546752988081,-43.37486962448172,-10.50201052780826
EW,2002Q1,12229.0,228917.0,1323.0,22720.0,265189.0,114965.0,413112.0,,528077.0,61161.0,2308.0,528077.0,106407.0,3,24043.0,0.0906636398945657,21354000.0,0.0124187037557366,0.1982905212896542,0.1299369762393127,0.0296830397119397,0.1386798405499086,0.1040113985781892,0.0942791227114649,0.0266275441937085,False,2002Q1,-0.06343571956984506,False,2.306777954396635,0.5930192076070876,-0.5477750345495234,126.87278749181492,-20.755672266248066,-5.477750345495234,100.63936488007161,144.01423450455331
EW,2002Q2,15670.0,302621.0,1794.0,33465.0,353550.0,117944.0,424851.0,,542795.0,65731.0,2231.0,542795.0,106407.0,3,35259.0,0.0997284683920237,21354000.0,0.0165566170272548,0.1982905212896542,0.1105402439122154,0.0382040390202426,0.1416332283512403,0.1120326322817559,0.0862578890078982,0.0312842862215334,False,2002Q2,-0.05361074928412013,False,2.0978007270591514,0.48391282348510833,-0.4832544866827533,115.37903998825334,-16.93694882197879,-4.832544866827533,93.60954629944702,-7.0298185806245925
EW,2002Q3,16479.0,327378.0,1674.0,29511.0,375042.0,121060.0,438921.0,,559981.0,75212.0,2046.0,559981.0,106407.0,3,31185.0,0.0831506871230422,21354000.0,0.0175630795167181,0.1982905212896542,0.0546829449072248,0.0434990270240521,0.1218659760356707,0.1271198573995462,0.0711706638901079,0.0327385629652806,False,2002Q3,0.027991668363915423,False,1.7047332028040851,0.16971619394556076,0.05262832423566799,93.7603261542247,-5.940066788094626,0.5262832423566799,88.34654260848676,-5.263003690960261
EW,2002Q4,15235.0,285240.0,1692.0,33805.0,335972.0,123638.0,451619.0,,575257.0,81834.0,2099.0,575257.0,106407.0,3,35497.0,0.1056546378864905,21354000.0,0.0157334457244544,0.1982905212896542,0.0281368124738228,0.0466790435878626,0.0836395358635788,0.138678612620609,0.0596119086690452,0.0330491080405164,False,2002Q4,0.042977591605383836,False,1.4035929160553933,0.020394520924096333,0.15104083335376173,77.19761038304664,-0.7138082323433717,1.5104083335376173,77.99421048424088,-10.352332124245876
EW,2003Q1,11333.0,214669.0,1154.0,21026.0,248182.0,127000.0,454521.0,,581521.0,95128.0,2285.0,581521.0,127246.0,3,22180.0,0.0893698978975107,21513000.0,0.0115363733556454,0.1958423787908689,-0.0710485101702843,0.0449664140330721,0.0848229801394205,0.1467915768058125,0.0490508019850564,0.0318029299257933,False,2003Q1,-0.014269689575220235,True,1.1284443698343831,-0.5375217161604551,-0.224901875706867,62.06444034089108,18.81326006561593,-2.24901875706867,78.62868164943835,0.6344711651974677
EW,2003Q2,13707.0,238948.0,1727.0,30269.0,284651.0,131696.0,465346.0,,597042.0,101981.0,2356.0,597042.0,127246.0,3,31996.0,0.1124043126495252,21513000.0,0.0132315809045693,0.1958423787908689,-0.200828231830933,0.0400843405574216,0.127837653680884,0.1471313906678109,0.048710988123058,0.0298567655115155,False,2003Q2,0.12710356893955188,True,1.1195911982007363,-1.2675310767046026,0.7034958525118691,61.5775159010405,44.363587684661084,7.034958525118691,112.97606211082028,34.34738046138193
EW,2003Q3,15714.0,293093.0,1284.0,27106.0,337197.0,136395.0,480803.0,,617198.0,109324.0,2423.0,617198.0,127246.0,3,28390.0,0.0841941061160093,21513000.0,0.0156741040301213,0.1958423787908689,-0.1075537740860711,0.0305493209591746,0.1247191394882367,0.1431171674124132,0.0527252113784557,0.0259555460559113,False,2003Q3,0.012548531215660352,True,1.224173769514379,-0.7428633829991453,-0.04878670711916397,67.32955732329086,26.000218404970088,-0.48786707119163975,92.8419086570693,-20.134153453750983
EW,2003Q4,16805.0,310478.0,1859.0,37566.0,366708.0,142312.0,493195.0,,635507.0,118737.0,2494.0,635507.0,127246.0,3,39425.0,0.10751060789511,21513000.0,0.0170458792358109,0.1958423787908689,0.0834167883082717,0.0012240712493927,0.1099418399787148,0.1471383424365679,0.0487040363543009,0.0169593453160159,False,2003Q4,0.017566384644784216,True,1.1194100837470702,0.33134371463035955,-0.015834479993081168,61.56755460608887,-11.597030012062584,-0.15834479993081169,49.81217979409548,-43.02972886297382
EW,2004Q1,12459.0,250404.0,1294.0,23147.0,287304.0,146933.0,500772.0,,647705.0,130994.0,2436.0,647705.0,148658.0,3,24441.0,0.0850701695764764,21684000.0,0.0132495849474266,0.1682724800779591,0.1485052138107883,0.0095324826867252,0.1127486686514604,0.1489383632751542,0.0193341168028049,0.0181974290788756,False,2004Q1,-0.04811159486794114,True,0.3542354757229405,0.6974653187755846,-0.44714155754226004,19.48295116476173,-24.411286157145458,-4.471415575422601,-9.39975056780633,-59.21193036190181
EW,2004Q2,15216.0,303908.0,1519.0,34178.0,354821.0,151380.0,512303.0,,663683.0,141697.0,2503.0,663683.0,148658.0,3,35697.0,0.1006056575005425,21684000.0,0.0163632632355653,0.1682724800779591,0.2366824005069967,0.0123320421860492,0.1332584798496115,0.152815607961384,0.015456872116575,0.0177858336138733,False,2004Q2,-0.104966214114673,True,0.25322160750999584,1.193460924645335,-0.8205056569620361,13.927188413049773,-41.77113236258672,-8.20505656962036,-36.0490005191573,-26.649249951350974
EW,2004Q3,13848.0,302377.0,1401.0,27596.0,345222.0,157087.0,511975.0,,669062.0,163469.0,2504.0,669062.0,148658.0,3,28997.0,0.0839952262602035,21684000.0,0.0159205866076369,0.1682724800779591,0.01572546520311,0.0136063024125195,0.1326673681037988,0.1481828052329283,0.0200896748450307,0.016586871128931,False,2004Q3,-0.0023621588847533292,True,0.37392003181394134,-0.04941915696524116,-0.146705160444983,20.565601749766778,1.7296704937834404,-1.46705160444983,20.82822063910039,56.8772211582577
EW,2004Q4,10035.0,218544.0,1556.0,32157.0,262292.0,160116.0,524349.0,,684465.0,171805.0,2502.0,684465.0,148658.0,3,33713.0,0.1285323227547923,21684000.0,0.0120961077292012,0.1682724800779591,-0.2903793602040165,0.0137849493564549,0.1666753995511492,0.1363099600763384,0.0319625200016207,0.014755280023301,False,2004Q4,0.19553154122420735,True,0.6832433046576422,-1.771255087845426,1.1528621236376824,37.57838175617032,61.99392807458991,11.528621236376823,111.10093106713705,90.27271042803666
EW,2005Q1,7544.0,156272.0,880.0,20558.0,185254.0,162384.0,521945.0,,684329.0,186697.0,2521.0,684329.0,156325.0,3,21438.0,0.1157221976313601,21870000.0,0.0084706904435299,0.0515747554790189,-0.3606825815947451,0.0443765966077051,0.2010513693598581,0.1235429295042271,-0.0719681740252082,0.037647005669512,False,2005Q1,0.36031464622070764,True,-2.0244633992786256,-2.166709855623689,2.234992237456874,-111.34548696032442,75.83484494682911,22.349922374568738,-13.160719638926576,-124.26165070606363
EW,2005Q2,10631.0,218610.0,1396.0,32379.0,263016.0,166163.0,526750.0,,692913.0,201289.0,2476.0,692913.0,156325.0,3,33775.0,0.1284142409587249,21870000.0,0.0120263374485596,0.0515747554790189,-0.265040397173313,0.0556608388025584,0.2077093017204134,0.1118837988864114,-0.0603090434073925,0.0441794883825589,False,2005Q2,0.2764117262295358,True,-1.720708031997245,-1.6287237280751852,1.6840020351437326,-94.63894175984848,57.00533048263148,16.840020351437328,-20.79359092577967,-7.632871286853096
EW,2005Q3,12087.0,259094.0,1285.0,28614.0,301080.0,170458.0,541129.0,,711587.0,206359.0,2453.0,711587.0,156325.0,3,29899.0,0.0993058323369204,21870000.0,0.0137668038408779,0.0515747554790189,-0.1352828774365548,0.0598043876143234,0.2085797220434662,0.1037209032239332,-0.0521461477449143,0.0442255775330044,False,2005Q3,0.1822794789466624,True,-1.5080400851910893,-0.8988392530836858,1.0658358738225495,-82.94220468550992,31.459373857929002,10.658358738225497,-40.824472089355424,-20.030881163575753
EW,2005Q4,11826.0,246527.0,1510.0,35778.0,295641.0,173205.0,552451.0,,725656.0,215662.0,2356.0,725656.0,156325.0,3,37288.0,0.1261259432893272,21870000.0,0.0135181069958847,0.0515747554790189,0.1175584161879323,0.0583488622994701,0.2120141404650565,0.1002202664750193,-0.0486455109960004,0.0407237366322356,False,2005Q4,-0.01872197914026552,True,-1.4168379847737385,0.5233899574288948,-0.2541400467795676,-77.92608916255563,-18.318648510011318,-2.541400467795676,-98.78613814036262,-57.9616660510072
EW,2006Q1,10354.0,221207.0,1104.0,26983.0,259648.0,175812.0,546597.0,,722409.0,239323.0,2362.0,722409.0,166470.0,3,28087.0,0.1081733731821543,22073000.0,0.011763149549223,0.0648968495122341,0.3886883988551313,0.0553666448071885,0.2533310759493625,0.1018668623959149,-0.0369700128836807,0.03841518029656,False,2006Q1,-0.06523229426780364,True,-1.1126561951056888,2.048492822025672,-0.5595731347396362,-61.19609073081289,-71.69724877089851,-5.595731347396363,-138.48907084910778,-39.70293270874515
EW,2006Q2,12986.0,275877.0,1558.0,37187.0,327608.0,180494.0,558004.0,,738498.0,249294.0,2285.0,738498.0,166470.0,3,38745.0,0.1182663427022539,22073000.0,0.0148420241924523,0.0648968495122341,0.2341267036565595,0.0489120353459025,0.2529876424633538,0.1037276952841323,-0.0388308457718982,0.035280329690952,False,2006Q2,-0.07902471081640194,True,-1.1611364802948836,1.1790851608537405,-0.6501478892928616,-63.8625064162186,-41.26798062988091,-6.501478892928617,-111.63196593902813,26.85710491007964
EW,2006Q3,14849.0,314927.0,1216.0,29987.0,360979.0,186437.0,570508.0,,756945.0,263189.0,2430.0,756945.0,166470.0,3,31203.0,0.0864399314087523,22073000.0,0.0163538712454129,0.0648968495122341,0.1879206992732183,0.0372203608937748,0.2636508575569825,0.1082655776061567,-0.0433687280939225,0.0292770942877687,False,2006Q3,-0.12955836153225375,True,-1.2793619429464387,0.9191769465228209,-0.9820022089575225,-70.36490686205413,-32.17119312829873,-9.820022089575225,-112.35612207992807,-0.724156140899936
EW,2006Q4,15458.0,306420.0,1534.0,36492.0,359904.0,189686.0,579324.0,,769010.0,280825.0,2454.0,769010.0,166470.0,3,38026.0,0.1056559526984973,22073000.0,0.0163051692112535,0.0648968495122341,0.2061725222486596,0.0066610470166075,0.2496850338107977,0.113954243780056,-0.0490573942678218,0.0108079864795156,False,2006Q4,-0.16229801781440523,True,-1.4275687809720403,1.0218432294256832,-1.1970034251304926,-78.51628295346222,-35.76451302989891,-11.970034251304927,-126.25083023466605,-13.894708154737984
EW,2007Q1,11797.0,249374.0,810.0,23160.0,285141.0,194442.0,579638.0,,774080.0,297116.0,2565.0,774080.0,181364.0,3,23970.0,0.0840636737614022,22288000.0,0.012793476310122,0.0894695740974349,0.0875893617255811,0.0117613411236282,0.1966435304492373,0.115413692838215,-0.02594411874078,0.0098787573214698,False,2007Q1,-0.2228801664542116,True,-0.8253985397308765,0.3548143895032672,-1.594846197934156,-45.39691968519821,-12.418503632614351,-15.94846197934156,-73.76388529715413,52.48694493751192
EW,2007Q2,14425.0,287454.0,975.0,30102.0,332956.0,198163.0,580312.0,,778475.0,321025.0,2601.0,778475.0,181364.0,3,31077.0,0.0933366570958324,22288000.0,0.0149388011486001,0.0894695740974349,0.0065204688318063,0.0136898941834445,0.1475380232232553,0.1132269418296922,-0.0237573677322573,0.0099208893893224,True,2007Q2,-0.2107927330532594,True,-0.7684271087108179,-0.10119714992778997,-1.5154680621584518,-42.26349097909499,3.5419002474726486,-15.154680621584518,-53.87627135320686,19.887613943947272
EW,2007Q3,14930.0,310401.0,567.0,20176.0,346074.0,200050.0,590029.0,,790079.0,343705.0,2820.0,790079.0,181364.0,3,20743.0,0.0599380479319451,22288000.0,0.0155273689877961,0.0894695740974349,-0.0505386305917399,0.0138427497463523,0.1295820958650821,0.1110255442388239,-0.0215559701413889,0.0103276808891485,True,2007Q3,-0.3065930646275803,True,-0.711074090234055,-0.42215389224786515,-2.1445885275886782,-39.109074962873024,14.77538622867528,-21.445885275886784,-45.77957401008453,8.09669734312233
EW,2007Q4,12775.0,253482.0,887.0,24033.0,291177.0,202665.0,596286.0,,798951.0,354553.0,2973.0,798951.0,181364.0,3,24920.0,0.0855836827771424,22288000.0,0.0130642946877243,0.0894695740974349,-0.1987636240715866,0.0122863622926003,0.1734472328365645,0.1036978111380362,-0.0142282370406012,0.0112940148998273,False,2007Q4,-0.1899776530209677,True,-0.5201646363191541,-1.2559176830951144,-1.3787754993803818,-28.60905499755348,43.957118908329,-13.78775499380382,1.560308916971703,47.33988292705624
EW,2008Q1,7611.0,157306.0,530.0,14941.0,180388.0,206855.0,610509.0,,817364.0,341343.0,3566.0,817364.0,168974.0,3,15471.0,0.0857651285007871,22511000.0,0.008013326818,-0.0683156524999448,-0.3736396094578312,0.0500105064788049,0.2002448405637102,0.0848837078553419,-0.1531993603552868,0.0419267635791707,False,2008Q1,0.020240071165746887,False,-4.140779756579881,-2.239592980227833,0.0017236106819769393,-227.74288661189348,78.38575430797415,0.017236106819769392,-149.33989619709956,-150.90020511407127
EW,2008Q2,8327.0,156776.0,1093.0,23690.0,189886.0,207116.0,612710.0,,819826.0,350983.0,3813.0,819826.0,168974.0,3,24783.0,0.1305151511959807,22511000.0,0.0084352538758829,-0.0683156524999448,-0.4353459965110147,0.0655484380745443,0.2280638481596953,0.0725901435846307,-0.1409057960845756,0.0520415356989739,False,2008Q2,0.3983268231041923,False,-3.820495487310177,-2.5866906591084535,2.4846180792463834,-210.12725180205973,90.53417306879587,24.846180792463834,-94.74689794080004,54.59299825629952
EW,2008Q3,6099.0,122432.0,672.0,15795.0,144998.0,207246.0,590141.0,,797387.0,382236.0,4038.0,797387.0,168974.0,3,16467.0,0.1135670836839128,22511000.0,0.0064412065212562,-0.0683156524999448,-0.5851707699920872,0.0744150228490349,0.2594043329180377,0.0519570962207571,-0.120272748720702,0.0552686390692541,False,2008Q3,0.8947411135721206,False,-3.2829426383378304,-3.4294531930625793,5.744569107945238,-180.56184510858068,120.03086175719027,57.445691079452374,-3.0852922719380445,91.661605668862
EW,2008Q4,5303.0,98741.0,941.0,17907.0,122892.0,208345.0,551811.0,,760156.0,421024.0,4784.0,760156.0,168974.0,3,18848.0,0.1533704390847248,22511000.0,0.0054591977255563,-0.0683156524999448,-0.5821283998832354,0.0788926132986899,0.2480693353018375,0.0305237674080001,-0.0988394199079449,0.0555182421757773,False,2008Q4,0.7920523411465863,False,-2.7245400542177687,-3.4123398980941335,5.070212273880505,-149.8497029819773,119.43189643329465,50.702122738805045,20.28431619012241,23.369608462060455
EW,2009Q1,3672.0,76136.0,802.0,11163.0,91773.0,206065.0,558553.0,,764618.0,414749.0,5366.0,764618.0,156512.0,3,11965.0,0.1303760365249038,22694000.0,0.0040439323169119,-0.0737509912767644,-0.4953491341663261,0.0769329216044662,0.2170538066579938,0.0236503323155854,-0.0974013235923498,0.0526051859081128,False,2009Q1,0.5201520571814602,False,-2.6870733263073623,-2.9242075807808017,3.2846439946512636,-147.78903294690494,102.34726532732805,32.84643994651264,-12.595327673064254,-32.879643863186665
EW,2009Q2,5740.0,115378.0,1029.0,16765.0,138912.0,204751.0,655477.0,,860228.0,319552.0,5587.0,860228.0,156512.0,3,17794.0,0.1280954849113107,22694000.0,0.0061210892746981,-0.0737509912767644,-0.2743443926212098,0.0691431460093315,0.1773642220975675,0.0119292390233345,-0.0856802303000989,0.0475148253822371,False,2009Q2,-0.018539351657621994,False,-2.3817036452707145,-1.6810585896430401,-0.25294073269585887,-130.9937004898893,58.83705063750641,-2.529407326958589,-74.68605717934149,-62.090729506277235
EW,2009Q3,7315.0,157215.0,833.0,15223.0,180586.0,191450.0,674889.0,,866339.0,316930.0,5817.0,866339.0,156512.0,3,16056.0,0.0889105467754975,22694000.0,0.0079574336829117,-0.0737509912767644,0.2353948994884573,0.053012687853975,0.2520947692942742,0.0050901925365467,-0.0788411838133111,0.0401838866932059,False,2009Q3,-0.21710988878644577,False,-2.2035259452735723,1.186218747029162,-1.5569528032835307,-121.19392699004648,-41.51765614602067,-15.569528032835308,-178.28111116890244,-103.59505398956095
EW,2009Q4,8241.0,177479.0,925.0,19454.0,206099.0,189712.0,690598.0,,880310.0,305336.0,6838.0,880310.0,156512.0,3,20379.0,0.0988796646271937,22694000.0,0.0090816515378514,-0.0737509912767644,0.6635505791148035,0.0027176693884095,0.4183801287463812,0.0045410858069563,-0.0782920770837207,0.026668454045072,False,2009Q4,-0.35528863829769264,False,-2.189220065891061,3.5945892528209495,-2.464372201280521,-120.40710362400837,-125.81062384873323,-24.643722012805213,-270.8614494855468,-92.58033831664437
EW,2010Q1,5216.0,112420.0,563.0,11847.0,130046.0,202581.0,821489.0,,1024070.0,162763.0,6845.0,1024070.0,165483.0,3,12410.0,0.0954277717115482,22839000.0,0.0056940321380095,0.0573182886935186,0.4080433824762128,0.0426509820077721,0.4625740886337022,0.0076945555633367,0.0496237331301818,0.05340167152211,False,2010Q1,-0.26805742638663466,False,1.1433709467910371,2.1573643701825853,-1.891525116769618,62.885402073507045,-75.50775295639049,-18.91525116769618,-31.537602050579626,239.32384743496718
EW,2010Q2,7213.0,143065.0,896.0,16417.0,167591.0,200488.0,826939.0,,1027427.0,159967.0,6685.0,1027427.0,165483.0,3,17313.0,0.1033050700813289,22839000.0,0.0073379307325189,0.0573182886935186,0.1987949208404278,0.0560141083226455,0.4583148788973997,0.0076329067970946,0.049685381896424,0.0631343443307538,False,2010Q2,-0.19353074659224645,False,1.1449770822951484,0.9803443109701819,-1.4021086532906675,62.97373952623316,-34.31205088395636,-14.021086532906676,14.640602109370125,46.17820415994975
EW,2010Q3,7575.0,165335.0,646.0,13398.0,186954.0,199815.0,804470.0,,1004285.0,186075.0,6778.0,1004285.0,165483.0,3,14044.0,0.0751200830150732,22839000.0,0.0081857349270983,0.0573182886935186,0.0286903106307838,0.0629508373396733,0.4119907377489679,0.0069643405892578,0.0503539481042607,0.0670272315087296,False,2010Q3,-0.15510492579970014,False,1.162395239846539,0.02350794134490758,-1.1497664132975742,63.93173819155965,-0.8227779470717652,-11.497664132975743,51.61129611151215,36.970694002142025
EW,2010Q4,7525.0,148905.0,839.0,15115.0,172384.0,198754.0,808102.0,,1006856.0,184627.0,6854.0,1006856.0,165483.0,3,15954.0,0.092549192500464,22839000.0,0.0075477910591532,0.0573182886935186,-0.1688966453188857,0.0655346399851415,0.3548466337128871,0.0057955148703507,0.0515227738231678,0.0678959107681843,False,2010Q4,-0.06402198218003163,False,1.1928466600400855,-1.0879162897984302,-0.5516250192011817,65.60656630220471,38.07707014294506,-5.516250192011817,98.16738625313795,46.5560901416258
EW,2011Q1,5270.0,108279.0,533.0,10186.0,124268.0,197095.0,810057.0,,1007152.0,182935.0,7410.0,1007152.0,165131.0,3,10719.0,0.0862571217047027,22976000.0,0.0054086002785515,-0.0021271067118676,-0.0501282487593721,0.0606829409311279,0.2901224844781049,0.0032264736066924,-0.0053535803185601,0.0607872397296963,False,2011Q1,-0.09610043116762534,False,-0.28895317635141265,-0.41984549941736493,-0.76228408922432,-15.892424699327698,14.69459247960777,-7.6228408922432,-8.820673111963128,-106.98805936510108
EW,2011Q2,6356.0,134947.0,907.0,15735.0,157945.0,196272.0,813348.0,,1009620.0,181197.0,7532.0,1009620.0,165131.0,3,16642.0,0.1053657918895818,22976000.0,0.0068743471448467,-0.0021271067118676,-0.0631763373859302,0.0539419845840348,0.2601823493028204,0.0032265965620394,-0.0053537032739071,0.0528975240087327,False,2011Q2,0.019947925175701098,False,-0.2889563797074613,-0.4932408397117743,-0.00019491108314445668,-15.892600883910374,17.263429389912098,-0.001949110831444567,1.368879395170279,10.189552507133406
EW,2011Q3,7877.0,168628.0,757.0,13555.0,190817.0,195979.0,817946.0,,1013925.0,179364.0,7740.0,1013925.0,165131.0,3,14312.0,0.0750037994518308,22976000.0,0.0083050574512534,-0.0021271067118676,0.0145768859140664,0.0444605913188584,0.2620583410777413,0.0034773171732982,-0.0056044238851659,0.0431851877119047,False,2011Q3,-0.0015479690460280526,False,-0.2954884045945962,-0.05587990153765926,-0.14135837842586202,-16.251862252702793,1.955796553818074,-1.4135837842586203,-15.70964948314334,-17.07852887831362
EW,2011Q4,7680.0,156828.0,905.0,17169.0,182582.0,196988.0,818294.0,,1015282.0,179481.0,7914.0,1015282.0,165131.0,3,18074.0,0.0989911382283029,22976000.0,0.0079466399721448,-0.0021271067118676,0.0528431311711943,0.0297226977026931,0.1668638889642912,0.0034575504783729,-0.0055846571902405,0.0278906344966305,True,2011Q4,0.06960563948525644,False,-0.2949734228284747,0.15936726399121948,0.3259071370542619,-16.223538255566112,-5.577854239692681,3.259071370542619,-18.542321124716175,-2.8326716415728352
EW,2012Q1,5823.0,130775.0,606.0,13363.0,150567.0,197885.0,821549.0,,1019434.0,178348.0,8651.0,1019434.0,163628.0,3,13969.0,0.0927759734868862,23111000.0,0.0065149495911038,-0.0091018645802423,0.2045537210319776,0.0295366720395098,0.1195406382319917,0.0061064110778403,-0.0152082756580826,0.0282232222425047,True,2012Q1,0.07557464999238528,False,-0.5456975855553615,1.0127374922125294,0.3651056096137179,-30.01336720554489,-35.44581222743853,3.651056096137179,-61.808123336846236,-43.26580221213006
EW,2012Q2,6445.0,131807.0,929.0,17213.0,156394.0,199536.0,829900.0,,1029436.0,180749.0,9623.0,1029436.0,163628.0,3,18142.0,0.1160018926557284,23111000.0,0.0067670806109644,-0.0091018645802423,-0.0156038866851104,0.0268984680388124,0.1005875664224728,0.0119896239142163,-0.0210914884944586,0.0268041053169586,True,2012Q2,0.10094453404092207,False,-0.6989729484007879,-0.22564638141549304,0.5317095555316315,-38.44351216204334,7.897623349542256,5.317095555316315,-25.22879325718477,36.57933007966147
EW,2012Q3,7338.0,156241.0,627.0,13663.0,177869.0,202043.0,831715.0,,1033758.0,178871.0,10798.0,1033758.0,163628.0,3,14290.0,0.0803400255244028,23111000.0,0.0076962918090952,-0.0091018645802423,-0.0733005937323558,0.0208991990689124,0.1026312205334623,0.0185664119304957,-0.0276682765107381,0.02255209178234,True,2012Q3,0.07114607675307227,False,-0.8703180276268605,-0.5501896588868133,0.336023183574858,-47.867491519477326,19.256638061038466,3.3602318357485803,-25.250621622690282,-0.021828365505513148
EW,2012Q4,7673.0,153700.0,939.0,17774.0,180086.0,203759.0,832132.0,,1035891.0,177475.0,11816.0,1035891.0,163628.0,3,18713.0,0.1039114645225059,23111000.0,0.0077922201549045,-0.0091018645802423,-0.0194320892580494,0.0034873789341872,0.0844308823396319,0.0187994754047451,-0.0279013399849874,0.0095016522017814,True,2012Q4,0.049704714808463724,False,-0.8763900310670051,-0.24717997446489184,0.1952178295183817,-48.20145170868528,8.651299106271214,1.9521782951838171,-37.59797430723025,-12.34735268453997
EW,2013Q1,5870.0,124239.0,560.0,12581.0,143250.0,205438.0,829720.0,,1035158.0,176627.0,12905.0,1035158.0,168928.0,3,13141.0,0.0917347294938918,23236000.0,0.0061650025822,0.0323905444056029,-0.0537144614874157,0.013136692231153,0.0847382081855582,0.0162643845980277,0.0161261598075752,0.013724456369457,True,2013Q1,-0.011223207408775582,True,0.270658561864553,-0.4400179025237603,-0.20489563724211113,14.886220902550418,15.400626588331608,-2.0489563724211113,28.237891118460915,65.83586542569117
EW,2013Q2,7571.0,155143.0,943.0,20183.0,183840.0,209022.0,828528.0,,1037550.0,175352.0,14135.0,1037550.0,168928.0,3,21126.0,0.1149151436031331,23236000.0,0.0079118609054914,0.0323905444056029,0.1691690051204892,0.0171973885012551,0.0952680717861578,0.0115028881698646,0.0208876562357382,0.0174422945262909,True,2013Q2,-0.009368373461117296,True,0.39470984353864047,0.8136988943094919,-0.19271494874896866,21.709041394625228,-28.479461300832217,-1.9271494874896866,-8.697569393696675,-36.93546051215759
EW,2013Q3,9386.0,196854.0,693.0,17082.0,224015.0,213226.0,828760.0,,1041986.0,174018.0,15278.0,1041986.0,168928.0,3,17775.0,0.0793473651317992,23236000.0,0.0096408590118781,0.0323905444056029,0.2526628733703784,0.0195369976529611,0.1186046543926045,0.0061356183799154,0.0262549260256874,0.0208894060389746,True,2013Q3,-0.012355739074318306,True,0.5345433405451021,1.2833508907117954,-0.21233296900111406,29.39988372998062,-44.91728117491284,-2.1233296900111407,-17.640727134943358,-8.943157741246683
EW,2013Q4,10493.0,210645.0,1096.0,23340.0,245574.0,215689.0,833077.0,1049851.0,1049851.0,171194.0,15682.0,1049851.0,168928.0,3,24436.0,0.0995056479920512,23236000.0,0.0105686865209158,0.0323905444056029,0.35631261833173,0.0207462044929226,0.1524607198603023,0.0086659235051675,0.0237246209004353,0.0228191665068304,True,2013Q4,-0.04239971547605759,True,0.4686212930229255,1.8663794491922314,-0.40963166417915264,25.774171116260902,-65.3232807217281,-4.096316641791526,-43.64542624725872,-26.00469911231536
EW,2014Q1,8465.0,178996.0,624.0,16366.0,204451.0,,,1055353.0,1055353.0,169634.0,15919.0,1055353.0,185620.0,3,16990.0,0.0831005962308817,23372000.0,0.0087476895430429,0.0988113279030118,0.4189271498928164,0.0338290955804887,0.1836729999321642,0.0117700165379384,0.0870413113650734,0.0359311556293504,False,2014Q1,-0.09412065976152473,True,2.1182112322366615,2.2185854299170287,-0.7492829368485037,116.50161777301639,-77.650490047096,-7.492829368485037,31.358298357435356,75.00372460469407
EW,2014Q2,9986.0,200685.0,1071.0,24468.0,236210.0,,,1061979.0,1061979.0,168446.0,16794.0,1061979.0,185620.0,3,25539.0,0.1081198933152703,23372000.0,0.0101065377374636,0.0988113279030118,0.2773907249113714,0.0386587135065017,0.1802927148086936,0.0155537587955798,0.0832575691074319,0.0401778152541116,False,2014Q2,-0.05913276592448624,True,2.0196333830948276,1.4224447557631674,-0.5195175519750219,111.07983607021552,-49.78556645171086,-5.19517551975022,56.09909409875444,24.740795741319086
EW,2014Q3,10990.0,227771.0,899.0,19256.0,258916.0,,,1069752.0,1069752.0,166910.0,16845.0,1069752.0,185620.0,3,20155.0,0.0778437794497056,23372000.0,0.0110780421016601,0.0988113279030118,0.1490720990745022,0.0384794785231553,0.1568771156968868,0.0179742760044878,0.0808370518985239,0.0383071132193053,False,2014Q3,-0.018949409089969005,True,1.9565716405083555,0.7006540415095398,-0.2556335785185389,107.61144022795956,-24.522891452833893,-2.556335785185389,80.53221298994029,24.43311889118585
EW,2014Q4,10367.0,209830.0,1211.0,23842.0,245250.0,,,1075866.0,1075866.0,111019.0,69062.0,1075866.0,185620.0,3,25053.0,0.1021529051987767,23372000.0,0.0104933253465685,0.0988113279030118,-0.007130609295503,0.0332103917487044,0.1548264119291955,0.0157043511014147,0.083106976801597,0.0310602994596882,False,2014Q4,0.026604089919971097,True,2.015710001269194,-0.17798429885166486,0.0435161011135802,110.86405006980569,6.22945045980827,0.4351610111358021,117.52866154074975,36.99644855080946
EW,2015Q1,7985.0,162568.0,769.0,16744.0,188066.0,,,1078303.0,1078303.0,113999.0,68438.0,1078303.0,193900.0,3,17513.0,0.0931215637063584,23543000.0,0.0079881918192243,0.0446072621484754,-0.0868226655828948,0.0319033485016246,0.1617173905626992,0.0159343574716621,0.0286729046768132,0.0294513506540016,False,2015Q1,0.12058839442782165,True,0.5975389460775542,-0.6262511490682728,0.6607107227130329,32.864642034265486,21.918790217389546,6.60710722713033,61.39053947878536,-56.138122061964395
EW,2015Q2,9475.0,188526.0,1307.0,27954.0,227262.0,,,1085316.0,1085316.0,114240.0,68172.0,1085316.0,193900.0,3,29261.0,0.1287544772113243,23543000.0,0.0096530603576434,0.0446072621484754,-0.0448697062832128,0.0304639650261917,0.1798388442883138,0.0161390184725962,0.0284682436758791,0.0284691444195702,False,2015Q2,0.19084909597427124,True,0.592206912365545,-0.3902662617576245,1.122112520931913,32.57138018010498,13.659319161516859,11.22112520931913,57.45182455094097,-3.938714927844387
EW,2015Q3,11210.0,229641.0,978.0,22291.0,264120.0,,,1097344.0,1097344.0,112413.0,67585.0,1097344.0,193900.0,3,23269.0,0.0881001060124185,23543000.0,0.0112186212462303,0.0446072621484754,0.0126898908020156,0.0288724553615581,0.1826143030554646,0.0172053934441243,0.0274018687043511,0.0283256942023445,False,2015Q3,0.13175524923400528,True,0.5644246418211875,-0.06649422615996137,0.7340434218551841,31.043355300165317,2.3272979155986477,7.340434218551842,40.71108743431581,-16.740737116625162
EW,2015Q4,11677.0,223695.0,1016.0,23664.0,260052.0,,,1111512.0,1111512.0,112859.0,63989.0,1111512.0,193900.0,3,24680.0,0.0949040961038561,23543000.0,0.0110458310325786,0.0446072621484754,0.0526530597081675,0.0271020328772681,0.1630656046139857,0.0240843387512292,0.0205229233972461,0.028788034047077,True,2015Q4,-0.07096038121299963,True,0.3852074577306921,0.15829811431662927,-0.5971894630525589,21.186410175188065,-5.540434001082024,-5.97189463052559,9.674081543580453,-31.037005890735355
EW,2016Q1,11127.0,226426.0,620.0,17992.0,256165.0,,,1122964.0,1122964.0,115003.0,63294.0,1122964.0,203771.0,3,18612.0,0.0726562957468819,23733000.0,0.0107936206969199,0.0509076843733884,0.3511969843969049,0.02570871307886,0.147079685601495,0.0287357843170992,0.0221719000562892,0.0277124341482879,True,2016Q1,-0.2197693761244166,True,0.4281682519035169,1.8376040703444898,-1.5744176479701277,23.549253854693433,-64.31614246205713,-15.744176479701277,-56.51106508706498,-66.18514663064543
EW,2016Q2,8610.0,160305.0,1149.0,26723.0,196787.0,,,1136372.0,1136372.0,115227.0,55234.0,1136372.0,203771.0,3,27872.0,0.141635372255281,23733000.0,0.008291703535162,0.0509076843733884,-0.1410285207015682,0.0227078059162507,0.1448184900244271,0.0305815394394859,0.0203261449339025,0.02505273854053,True,2016Q2,0.10004230783225765,True,0.380080787795743,-0.9311584267738159,0.5257846389578515,20.90444332876587,32.59054493708356,5.257846389578516,58.75283465542795,115.26389974249292
EW,2016Q3,11330.0,210798.0,903.0,22890.0,245921.0,,,1148614.0,1148614.0,114171.0,55123.0,1148614.0,203771.0,3,23793.0,0.0967505825041375,23733000.0,0.0103619854211435,0.0509076843733884,-0.0763583872104292,0.0172811964330427,0.1419241407888962,0.0314083727045935,0.0194993116687949,0.0199161413138385,True,2016Q3,0.09818917233197921,True,0.3585392980950062,-0.5673897101200968,0.5136151041631207,19.71966139522534,19.858639854203386,5.136151041631208,44.714452291059935,-14.038382364368012
EW,2016Q4,11385.0,194890.0,1237.0,29637.0,237149.0,,,1157035.0,1157035.0,113035.0,54015.0,1157035.0,203771.0,3,30874.0,0.1301881939202779,23733000.0,0.0099923734883916,0.0509076843733884,-0.0953715063248685,0.0031502111124563,0.1460060614713712,0.0291950770692968,0.0217126073040916,0.0036484959959336,True,2016Q4,0.3717868802818527,True,0.41620229636131933,-0.674338274572829,2.310330361171747,22.891126299872568,23.601839610049012,23.103303611717475,69.59626952163906,24.881817230579124
EW,2017Q1,9450.0,171722.0,740.0,20824.0,202736.0,,,1166022.0,1166022.0,112358.0,55724.0,1166022.0,209935.0,3,21564.0,0.106364927787862,23950000.0,0.0084649686847599,0.0302496429815821,-0.2157433615232108,0.0066164877195545,0.1606907133490989,0.0266658158033621,0.00358382717822,0.0070937572610427,True,2017Q1,0.46394647145807366,True,-0.05610687024866763,-1.351428500352678,2.915542096265416,-3.0858778636767203,47.29999751234373,29.155420962654162,73.36954061132117,3.773271089682112
EW,2017Q2,10951.0,186002.0,1163.0,29819.0,227935.0,,,1178095.0,1178095.0,111605.0,56388.0,1178095.0,209935.0,3,30982.0,0.1359247153793844,23950000.0,0.0095171189979123,0.0302496429815821,0.1477881423948375,0.0084374211731763,0.1693052581989792,0.0282663075638169,0.0019833354177651,0.0086037071286175,False,2017Q2,-0.04031942575477421,True,-0.09780448720347974,0.6934318007565562,-0.39597040835491576,-5.379246796191387,-24.270113026479464,-3.9597040835491577,-33.60906390622001,-106.97860451754119
EW,2017Q3,12294.0,214425.0,845.0,23320.0,250884.0,,,1196393.0,1196393.0,105335.0,56959.0,1196393.0,209935.0,3,24165.0,0.0963194145501506,23950000.0,0.0104753235908141,0.0302496429815821,0.0109378815993446,0.009600017134604,0.1692956274783726,0.0306726889796746,-0.0004230459980925,0.009348371893193,False,2017Q3,-0.00445648948902666,True,-0.16049794992839211,-0.07634925667893286,-0.16045862270208422,-8.827387246061567,2.67222398376265,-1.6045862270208422,-7.75974948931976,25.84931441690025
EW,2017Q4,12312.0,200161.0,1292.0,30196.0,243961.0,,,1206281.0,1206281.0,104211.0,58455.0,1206281.0,209935.0,3,31488.0,0.1290698103385377,23950000.0,0.0101862630480167,0.0302496429815821,0.0194037542582194,0.010329020695903,0.1684626382719734,0.0327352298034202,-0.002485586821838,0.0102901697569868,True,2017Q4,-0.008590514608606048,True,-0.21423333260712477,-0.02872882563568074,-0.18760675219798645,-11.782833293391864,1.0055088972488258,-1.8760675219798646,-12.653391918122903,-4.893642428803143
EW,2018Q1,9500.0,161737.0,746.0,22079.0,194062.0,,,1214067.0,1214067.0,103915.0,59211.0,1214067.0,214163.0,3,22825.0,0.1176170502210633,24172000.0,0.0080283799437365,0.020139567008836,-0.0515759428395076,0.011435923233474,0.1037803309341945,0.0328563848678116,-0.0127168178589756,0.0118236718459173,True,2018Q1,0.10578790083553602,True,-0.4807876275455087,-0.42798876106240596,0.5635159294971845,-26.443319515002976,14.97960663718421,5.635159294971846,-5.82855358284692,6.824838335275983
EW,2018Q2,10455.0,174602.0,1055.0,30983.0,217095.0,,,1223203.0,1223203.0,104742.0,54451.0,1223203.0,214163.0,3,32038.0,0.1475759460144176,24172000.0,0.0089812593082905,0.020139567008836,-0.0563048218414993,0.0111932280498059,0.0981455627767381,0.0279292249406308,-0.0077896579317948,0.0113410583775862,True,2018Q2,0.08571826398542037,True,-0.35242031420158326,-0.45458864810301247,0.43171868966858234,-19.38311728108708,15.910602683605434,4.317186896685824,0.8446722992041771,6.6732258820510975
EW,2018Q3,12139.0,202867.0,858.0,24348.0,240212.0,,,1234583.0,1234583.0,104856.0,54687.0,1234583.0,214163.0,3,25206.0,0.1049323097930161,24172000.0,0.009937613767996,0.020139567008836,-0.0513310942766124,0.0094980371896277,0.0973211245149016,0.026698652659008,-0.006559085650172,0.0097409073224681,True,2018Q3,0.0894201369795602,True,-0.32036021061208864,-0.42661149086532035,0.45602887756422733,-17.619811583664877,14.93140218028621,4.560288775642274,1.8718793722636065,1.0272070730594294
EW,2018Q4,12436.0,196487.0,1263.0,31828.0,242014.0,,,1247764.0,1247764.0,105970.0,55026.0,1247764.0,214163.0,3,33091.0,0.1367317593197087,24172000.0,0.0100121628330299,0.020139567008836,-0.0170916669014057,0.0050550379863729,0.0948155623890589,0.0290047623765903,-0.0088651953677543,0.0053474752284561,True,2018Q4,0.059362828232833564,True,-0.3804412944610838,-0.23401512709032127,0.2586426289200799,-20.924271195359612,8.190529448161243,2.586426289200799,-10.14731545799757,-12.019194830261176
EW,2019Q1,9295.0,155499.0,621.0,21171.0,186586.0,,,1255109.0,1255109.0,107066.0,52007.0,1255109.0,215333.0,3,21792.0,0.11679332854555,24414000.0,0.0076425821250102,0.0054631285516171,-0.0480542552083983,0.0078374789772555,0.0643592243177912,0.0290060209096301,-0.0235428923580129,0.0075213357941299,True,2019Q1,-0.007003420626219614,True,-0.762839381099561,-0.40817931084379094,-0.17718431118476446,-41.95616596047586,14.286275879532681,-1.7718431118476448,-29.44173319279082,-19.29441773479325
EW,2019Q2,10267.0,165216.0,1046.0,30704.0,207233.0,,,1264312.0,1264312.0,108167.0,52431.0,1264312.0,215333.0,3,31750.0,0.1532091896560876,24414000.0,0.0084882854100106,0.0054631285516171,-0.0548891732615759,0.0088374001462297,0.0292216971663118,0.0311112724017588,-0.0256481438501416,0.0086153366867302,True,2019Q2,0.038171828091277504,True,-0.8176875049583049,-0.44662564200805893,0.1194814000088296,-44.972812772706774,15.63189747028206,1.194814000088296,-28.146101302336415,1.2956318904544055
EW,2019Q3,11902.0,196553.0,873.0,24918.0,234246.0,,,1277423.0,1277423.0,107666.0,53079.0,1277423.0,215333.0,3,25791.0,0.1101022002510181,24414000.0,0.0095947407225362,0.0054631285516171,-0.034502552973433,0.0086933366966115,0.0245365900074908,0.0314892108861351,-0.0260260823345179,0.0088428588562628,True,2019Q3,0.04926881404021177,True,-0.8275339375007167,-0.3319511501092515,0.19235527059298474,-45.51436656253942,11.618290253823803,1.9235527059298474,-31.972523602785774,-3.8264223004493587
EW,2019Q4,11645.0,190706.0,1232.0,31157.0,234740.0,,,1291350.0,1291350.0,108632.0,54057.0,1291350.0,215333.0,3,32389.0,0.1379781886342336,24414000.0,0.009614975014336,0.0054631285516171,-0.039670531264592,0.0073382192286093,0.0124011677845937,0.0308437423364389,-0.0253806137848218,0.0082737050249346,True,2019Q4,0.009115872718425733,True,-0.8107175433107483,-0.3610209653266081,-0.07132896429045471,-44.589464882091164,12.635733786431283,-0.7132896429045471,-32.66702073856443,-0.6944971357786578
EW,2020Q1,9085.0,151684.0,594.0,19113.0,180476.0,,,1300061.0,1300061.0,109772.0,55621.0,1300061.0,223050.0,3,19707.0,0.1091945743478357,24657000.0,0.0073194630328101,0.0358375167763418,-0.042278785744768,0.0104690502720197,0.0120849871076271,0.0338768613643893,0.0019606554119524,0.0103911323775665,True,2020Q1,-0.06506154326058744,False,-0.09839536946746721,-0.37569236514813364,-0.5584518134313775,-5.411745320710697,13.149232780184677,-5.584518134313775,2.152969325160205,34.81999006372464
EW,2020Q2,4697.0,91098.0,273.0,10037.0,106105.0,,,1301270.0,1301270.0,110267.0,56435.0,1301270.0,223050.0,3,10310.0,0.0971678997219735,24657000.0,0.0043032404590988,0.0358375167763418,-0.4930377277342956,0.012555945400817,0.1498624131183886,0.0319536884566995,0.0038838283196422,0.0120248865008981,False,2020Q2,-0.36578282320996114,False,-0.04829093955154623,-2.911205947630313,-2.533287479420194,-2.656001675335043,101.89220816706094,-25.33287479420194,73.90333169752395,71.75036237236375
EW,2020Q3,7379.0,156351.0,396.0,17513.0,181639.0,,,1312402.0,1312402.0,111007.0,57444.0,1312402.0,223050.0,3,17909.0,0.0985966670153436,24657000.0,0.0073666301658758,0.0358375167763418,-0.2322220705169236,0.0140713082326341,0.1547415252689048,0.0293625142071245,0.0064750025692172,0.0136632133611219,True,2020Q3,-0.10449866768732552,False,0.019216931461324055,-1.4441210386103012,-0.8174352810964276,1.056931230372823,50.54423635136054,-8.174352810964276,43.426814770769084,-30.47651692675487
EW,2020Q4,12835.0,220683.0,530.0,19676.0,253724.0,,,1330358.0,1330358.0,111837.0,58951.0,1330358.0,223050.0,3,20206.0,0.0796377165739149,24657000.0,0.0102901407308269,0.0358375167763418,0.0702202257919779,0.0151871941123623,0.1644073956301095,0.0314283144032425,0.0044092023730992,0.0147252781671276,True,2020Q4,-0.422823872655507,False,-0.03460336765625544,0.25711321050668196,-2.907875865348385,-1.9031852210940496,-8.998962367733867,-29.078758653483856,-39.980906242311775,-83.40772101308086
EW,2021Q1,11680.0,248990.0,332.0,14160.0,275162.0,,,1349227.0,1349227.0,113622.0,56606.0,1349227.0,240629.0,3,14492.0,0.0526671560753301,24873000.0,0.011062678406304,0.0788119255772248,0.511405735190495,0.0232508665304813,0.2642544570246595,0.0340030929528119,0.0448088326244129,0.02246493907307,False,2021Q1,-0.5176760714542408,False,1.0179283285122533,2.73877635075837,-3.530769945929366,55.98605806817394,-95.85717227654294,-35.30769945929366,-75.17881366766267,-35.19790742535089
EW,2021Q2,13496.0,267922.0,486.0,14410.0,296314.0,,,1371858.0,1371858.0,115589.0,57199.0,1371858.0,240629.0,3,14896.0,0.0502709963079706,24873000.0,0.0119130784384674,0.0788119255772248,1.768397107179616,0.026123328378012,0.6529629190107422,0.0443034290700852,0.0345084965071396,0.023322231121689,False,2021Q2,-0.4826378212165644,False,0.7495736387000396,9.809337575066534,-3.300673870736904,41.22655012850218,-343.3268151273287,-33.006738707369045,-335.10700370619554,-259.9281900385329
EW,2021Q3,11306.0,212325.0,313.0,11271.0,235215.0,,,1383688.0,1383688.0,113036.0,58305.0,1383688.0,240629.0,3,11584.0,0.0492485598282422,24873000.0,0.0094566397298275,0.0788119255772248,0.2837131112721232,0.0256149826934969,0.6478365498473108,0.0493050453685912,0.0295068802086335,0.0210341494599323,False,2021Q3,-0.5005048211155236,False,0.6192665132758037,1.4580081023728473,-3.418006400881174,34.05965823016921,-51.03028358304965,-34.18006400881175,-51.15068936169219,283.95631434450337
EW,2021Q4,12015.0,159620.0,391.0,11046.0,183072.0,,,1392986.0,1392986.0,113885.0,58897.0,1392986.0,240629.0,3,11437.0,0.062472688341199,24873000.0,0.0073602701724761,0.0788119255772248,-0.2847259950073939,0.0214872044004414,0.6653407294739441,0.0450920270031531,0.0337198985740716,0.016262196965318,False,2021Q4,-0.21553893018497539,False,0.7290282942272384,-1.7394549771709678,-1.5466363232642322,40.09655618249811,60.88092420098386,-15.466363232642323,85.51111715083965,136.66180651253183
EW,2022Q1,9785.0,173323.0,185.0,7675.0,190968.0,,,1406918.0,1406918.0,115836.0,59886.0,1406918.0,278000.0,3,7860.0,0.0411587281638808,25160000.0,0.0075901430842607,0.1553054702467284,-0.3138964357912183,0.0371618972716539,0.6834047710277288,0.0426457044472656,0.1126597657994628,0.0332874323292068,False,2022Q1,-0.2185124234729655,False,2.785648907564562,-1.9035383528394139,-1.5661632440018993,153.2106899160509,66.62384234937949,-15.661632440018995,204.1728998254114,118.66178267457175
EW,2022Q2,9444.0,169462.0,189.0,6839.0,185934.0,,,1421751.0,1421751.0,116640.0,60768.0,1421751.0,278000.0,3,7028.0,0.0377983585573375,25160000.0,0.0073900635930047,0.1553054702467284,-0.3796680151838721,0.0430615230529123,0.6706962074373691,0.0400807497921271,0.1152247204546013,0.0404069142657055,False,2022Q2,-0.2481080278223078,False,2.8524736793997065,-2.273502689332273,-1.760517481372179,156.88605236698388,79.57259412662955,-17.605174813721792,218.85347167989164,14.680571854480235
EW,2022Q3,10290.0,186466.0,57.0,3212.0,200025.0,,,1439455.0,1439455.0,118105.0,61650.0,1439455.0,278000.0,3,3269.0,0.0163429571303587,25160000.0,0.0079501192368839,0.1553054702467284,-0.1593082253299588,0.0433770034623065,0.6655365796606028,0.0398867193065755,0.1154187509401529,0.0425327935631025,False,2022Q3,-0.6681536031235044,False,2.8575287562604506,-1.0339815436364062,-4.518955406301347,157.1640815943248,36.18935402727421,-45.189554063013475,148.16388155858556,-70.68959012130608
EW,2022Q4,10223.0,153385.0,581.0,13336.0,177525.0,,,1450864.0,1450864.0,117559.0,60114.0,1450864.0,278000.0,3,13917.0,0.0783945923109421,25160000.0,0.0070558426073131,0.1553054702467284,-0.0413609226331682,0.0382467723347518,0.6689983415520846,0.0407745186365264,0.1145309516102019,0.0396190909389654,False,2022Q4,0.2548618347074245,False,2.834398917477329,-0.370529396276016,1.5424839677052729,155.89194046125309,12.96852886966056,15.424839677052729,184.28530900796636,36.1214274493808
EW,2023Q1,7646.0,135177.0,297.0,7819.0,150939.0,,,1453760.0,1453760.0,113352.0,52245.0,1453760.0,302000.0,3,8116.0,0.0537700660531738,25312000.0,0.0059631400126422,0.0863309352517984,-0.2143573650136233,0.0373778637999381,0.666169739185172,0.0281547375489734,0.058176197702825,0.0385767298010483,False,2023Q1,0.3064073758323802,False,1.3661883336598815,-1.3436322867937829,1.8809833683908272,75.14035835129349,47.0271300377824,18.809833683908273,140.97732207298415,-43.30798693498221
EW,2023Q2,7291.0,124045.0,427.0,10851.0,142614.0,,,1452768.0,1452768.0,112834.0,52584.0,1452768.0,302000.0,3,11278.0,0.0790805951729844,25312000.0,0.0056342446270543,0.0863309352517984,-0.23759186153857,0.0364640518303906,0.1958515286546908,0.0153965571163074,0.0709343781354909,0.0353398677385864,False,2023Q2,1.0921700886302932,False,1.6985772492832134,-1.4743260479893312,7.041084544132971,93.42174871057675,51.60141167962659,70.41084544132971,215.43400583153306,74.4566837585489
EW,2023Q3,8611.0,153221.0,215.0,4934.0,166981.0,,,1455904.0,1455904.0,111893.0,52675.0,1455904.0,302000.0,3,5149.0,0.0308358435989723,25312000.0,0.0065969105562579,0.0863309352517984,-0.1702123754758172,0.0355018691755013,0.0979183543920493,0.0055955962130014,0.080735339038797,0.0295464107249433,False,2023Q3,0.8867970681812285,False,1.9539217150485297,-1.095317255975733,5.692400587736729,107.46569432766915,38.336103959150655,56.92400587736729,202.72580416418708,-12.708201667345975
EW,2023Q4,7866.0,133744.0,118.0,2622.0,144350.0,,,1454731.0,1454731.0,111158.0,53126.0,1454731.0,302000.0,3,2740.0,0.0189816418427433,25312000.0,0.0057028286978508,0.0863309352517984,-0.1917579493709164,0.0344872674974649,0.0956474967825259,-0.003250675677477,0.0895816109292755,0.021466074671043,False,2023Q4,-0.7578705203612126,False,2.184393664908773,-1.2165108478594113,-5.108126109596507,120.14165156998253,42.577879675079394,-51.08126109596508,111.63827014909683,-91.08753401509026
EW,2024Q1,,,311.0,,311.0,,,1454158.0,1454158.0,111877.0,55577.0,1454158.0,306000.0,3,,,25312000.0,1.2286662452591655e-05,0.0132450331125828,-0.9979395649898304,0.0466033021723393,0.2783742917017296,0.0006967604343783,0.0125482726782044,0.0332630360966216,False,2024Q1,,False,0.1774438570380486,-5.751272659410282,,9.759412137092674,201.29454307935987,,,
EW,2024Q2,,,677.0,,677.0,,,1458700.0,1458700.0,113478.0,55817.0,1458700.0,306000.0,3,,,25312000.0,2.674620733249052e-05,0.0132450331125828,-0.995252920470641,0.0502364651779985,0.3624224860576632,0.004959600807489,0.0082854323050938,0.0383774698751884,False,2024Q2,,False,0.06638406316135093,-5.736160316569918,,3.6511234738743017,200.76561107994712,,,
EW,2024Q3,,,420.0,,420.0,,,1468711.0,1468711.0,113366.0,56030.0,1468711.0,306000.0,3,,,25312000.0,1.6592920353982302e-05,0.0132450331125828,-0.9974847437732436,0.0473801181940631,0.4034719314373329,0.0092956425144896,0.0039493905980931,0.0391415525384329,False,2024Q3,,False,-0.04658284530134319,-5.748714295582453,,-2.562056491573876,201.20500034538586,,,
EW,2024Q4,,,662.0,,662.0,,,1473893.0,1473893.0,115093.0,55856.0,1473893.0,306000.0,3,,,25312000.0,2.615360303413401e-05,0.0132450331125828,-0.995413924489089,0.0365429510696077,0.3969203220674742,0.0146124798009039,-0.0013674466883211,0.0356621765109723,False,2024Q4,,False,-0.18510242413188302,-5.737065962221244,,-10.180633327253567,200.79730867774353,,,
EW,2025Q1,,,307.0,,307.0,,,1490847.0,1490847.0,114026.0,56963.0,1490847.0,270000.0,3,,,25312000.0,1.2128634639696587e-05,-0.1176470588235294,-0.012861736334405,0.0634244893338559,0.4259258317937962,0.0233636759387532,-0.1410107347622826,0.0687304428163493,False,2025Q1,,False,-3.8232294550161567,-0.2102218189459517,,-210.27762002588864,7.357763663108309,,,
EW,2025Q2,,,289.0,,289.0,,,1504233.0,1504233.0,111948.0,57076.0,1504233.0,270000.0,3,,,25312000.0,1.1417509481668774e-05,-0.1176470588235294,-0.5731166912850812,0.0735508326400965,0.4067422789255663,0.0269145532324481,-0.1445616120559776,0.0825487770229991,False,2025Q2,,False,-3.9157404725074,-3.361649146511612,,-215.365725987907,117.6577201279064,,,
EW,2025Q3,,,6.0,941.0,947.0,,,1519277.0,1519277.0,112239.0,57199.0,1519277.0,270000.0,3,947.0,1.0,25312000.0,3.741308470290771e-05,-0.1176470588235294,1.2547619047619043,0.0741388203119593,0.7393299724395905,0.029843733558253,-0.1474907923817825,0.0851460437219598,False,2025Q3,,False,-3.992054416905508,6.920145790156034,,-219.56299292980296,-242.20510265546116,,,
EW,2025Q4,,,,,,,,1521701.0,1521701.0,112285.0,57240.0,1521701.0,270000.0,1,,,25312000.0,,-0.1176470588235294,,0.0654460459680561,,0.0288539453800835,-0.146501004203613,0.0754810379395271,False,2025Q4,,False,-3.9662674623335064,,,-218.14471042834285,,,,
