date,tx_existing_england,tx_existing_wales,tx_newbuild_england,tx_newbuild_wales,cash_transactions_wales,cash_transactions_england,mb_bs_gbp_m,mb_banks_gbp_m,mb_bs_plus_banks_gbp_m,mb_specialist_gbp_m,mb_other_gbp_m,mb_total_reported_gbp_m,mb_bs_plus_banks_spliced_gbp_m,mb_total_gbp_m,mb_regime_is_combined,banks_share_of_mb,avg_house_price_gbp,turnover_pct_raw,tx_total,geo
1999-01-01,54747.0,2348.0,5242.0,228.0,,,0.106747,0.313771,,0.027346,0.002297,0.450161,0.420518,0.420518,0,0.7461535534745243,71122.0,,62565.0,EW
1999-02-01,55339.0,2385.0,6825.0,336.0,,,0.107165,0.313636,,0.028529,0.002296,0.451626,0.42080100000000004,0.42080100000000004,0,0.7453309283960827,71122.0,,64885.0,EW
1999-03-01,74680.0,3080.0,9267.0,402.0,,,0.10844,0.314914,,0.029722,0.002295,0.455371,0.423354,0.423354,0,0.7438550244003836,71122.0,,87429.0,EW
1999-04-01,80173.0,3250.0,9082.0,409.0,,,0.106257,0.319422,,0.030296,0.002292,0.458267,0.425679,0.425679,0,0.7503823303475153,71122.0,,92914.0,EW
1999-05-01,79544.0,3367.0,9551.0,473.0,,,0.107338,0.320935,,0.030503,0.002288,0.461064,0.428273,0.428273,0,0.7493701447441236,71122.0,,92935.0,EW
1999-06-01,88769.0,3515.0,12075.0,507.0,,,0.108537,0.323053,,0.030678,0.002284,0.464552,0.43159,0.43159,0,0.7485182696540699,71122.0,,104866.0,EW
1999-07-01,109070.0,4430.0,10582.0,529.0,,,0.109856,0.325447,,0.031067,0.002236,0.468605,0.435303,0.435303,0,0.7476332577537944,71122.0,,124611.0,EW
1999-08-01,98880.0,4120.0,9418.0,456.0,,,0.110808,0.327594,,0.031407,0.002188,0.471997,0.438402,0.438402,0,0.7472456786237289,71122.0,,112874.0,EW
1999-09-01,93022.0,3851.0,9423.0,430.0,,,0.111658,0.330337,,0.031772,0.002139,0.475906,0.44199499999999997,0.44199499999999997,0,0.7473772327741265,71122.0,,106726.0,EW
1999-10-01,97297.0,4256.0,10098.0,526.0,,,0.112353,0.331242,,0.033791,0.001921,0.479307,0.44359499999999996,0.44359499999999996,0,0.7467216717952186,71122.0,,112177.0,EW
1999-11-01,93770.0,4147.0,10132.0,560.0,,,0.112966,0.333773,,0.034129,0.001704,0.482572,0.446739,0.446739,0,0.747131994296446,71122.0,,108609.0,EW
1999-12-01,89756.0,4126.0,12686.0,630.0,,,0.113497,0.335449,,0.034692,0.001488,0.485126,0.448946,0.448946,0,0.7471923126612109,71122.0,,107198.0,EW
2000-01-01,62354.0,2732.0,5677.0,331.0,,,0.113848,0.337459,,0.035307,0.001786,0.488399,0.451307,0.451307,0,0.7477371279417336,80366.0,,71094.0,EW
2000-02-01,64662.0,2975.0,7702.0,438.0,,,0.114076,0.338957,,0.03557,0.001815,0.490419,0.453033,0.453033,0,0.748194943856187,80366.0,,75777.0,EW
2000-03-01,85416.0,4181.0,10938.0,564.0,,,0.115028,0.340693,,0.03651,0.001843,0.494073,0.45572100000000004,0.45572100000000004,0,0.7475911796910829,80366.0,,101099.0,EW
2000-04-01,80121.0,3927.0,8586.0,501.0,,,0.11571,0.342859,,0.036813,0.001849,0.49723,0.458569,0.458569,0,0.7476715608774253,80366.0,,93135.0,EW
2000-05-01,82698.0,3883.0,9611.0,507.0,,,0.116414,0.344146,,0.037965,0.001855,0.50038,0.46056,0.46056,0,0.7472338023276012,80366.0,,96699.0,EW
2000-06-01,92121.0,4582.0,13310.0,726.0,,,0.117186,0.347576,,0.038457,0.001862,0.505081,0.464762,0.464762,0,0.7478580434717124,80366.0,,110739.0,EW
2000-07-01,87289.0,4354.0,8111.0,454.0,,,0.117879,0.347571,,0.041071,0.001877,0.508398,0.46545000000000003,0.46545000000000003,0,0.7467418627135031,80366.0,,100208.0,EW
2000-08-01,85626.0,4413.0,8720.0,475.0,,,0.118875,0.350003,,0.041661,0.001892,0.512432,0.468878,0.468878,0,0.7464692308020423,80366.0,,99234.0,EW
2000-09-01,79174.0,4220.0,8974.0,523.0,,,0.119719,0.350678,,0.043386,0.001907,0.51569,0.470397,0.470397,0,0.7454937000023384,80366.0,,92891.0,EW
2000-10-01,75100.0,3846.0,7999.0,391.0,,,0.120541,0.351999,,0.044127,0.001917,0.518584,0.47254,0.47254,0,0.7449083675456046,80366.0,,87336.0,EW
2000-11-01,74839.0,3811.0,8470.0,476.0,,,0.121636,0.351686,,0.04738,0.001927,0.522629,0.473322,0.473322,0,0.7430163820823878,80366.0,,87596.0,EW
2000-12-01,78379.0,4026.0,12444.0,747.0,,,,,,,,,,,0,,80366.0,,95596.0,EW
2001-01-01,59858.0,2779.0,5012.0,214.0,,,0.10778,0.377025,,0.041468,0.001959,0.528232,0.484805,0.484805,0,0.7776838110168006,88799.0,,67863.0,EW
2001-02-01,60612.0,2996.0,6522.0,337.0,,,0.108502,0.377622,,0.04284,0.001999,0.530964,0.486124,0.486124,0,0.7768018036550346,88799.0,,70467.0,EW
2001-03-01,80282.0,3988.0,9944.0,534.0,,,0.109259,0.37905,,0.044338,0.00204,0.534687,0.488309,0.488309,0,0.7762502841438516,88799.0,,94748.0,EW
2001-04-01,80485.0,3822.0,8071.0,394.0,,,0.109896,0.381934,,0.044469,0.002047,0.538346,0.49183,0.49183,0,0.7765569404062379,88799.0,,92772.0,EW
2001-05-01,90311.0,4170.0,9167.0,488.0,,,0.110378,0.383307,,0.047179,0.002055,0.54292,0.49368500000000004,0.49368500000000004,0,0.7764201869613214,88799.0,,104136.0,EW
2001-06-01,99150.0,4912.0,14297.0,900.0,,,0.110846,0.387554,,0.047825,0.002062,0.548286,0.4984,0.4984,0,0.7775963081861959,88799.0,,119259.0,EW
2001-07-01,104766.0,5133.0,8434.0,516.0,,,0.111148,0.389143,,0.050938,0.002052,0.553281,0.500291,0.500291,0,0.777833301018807,88799.0,,118849.0,EW
2001-08-01,114812.0,5687.0,10037.0,553.0,,,0.111609,0.393928,,0.051573,0.002042,0.559151,0.505537,0.505537,0,0.779226841952221,88799.0,,131089.0,EW
2001-09-01,89735.0,4451.0,8561.0,464.0,,,0.111918,0.396499,,0.053411,0.002032,0.56386,0.508417,0.508417,0,0.779869673909409,88799.0,,103211.0,EW
2001-10-01,97048.0,4962.0,8585.0,522.0,,,0.112266,0.400171,,0.053795,0.002041,0.568273,0.512437,0.512437,0,0.7809174591218042,88799.0,,111117.0,EW
2001-11-01,99302.0,5358.0,9847.0,622.0,,,0.112946,0.401805,,0.056982,0.002049,0.573782,0.5147510000000001,0.5147510000000001,0,0.7805812907599985,88799.0,,115129.0,EW
2001-12-01,80705.0,4278.0,12624.0,675.0,,,0.113413,0.404539,,0.057234,0.002058,0.577244,0.517952,0.517952,0,0.7810356944272828,88799.0,,98282.0,EW
2002-01-01,66703.0,3393.0,4975.0,259.0,,,0.113926,0.408315,,0.057575,0.002141,0.581957,0.522241,0.522241,0,0.7818516738440682,106407.0,,75330.0,EW
2002-02-01,70267.0,3776.0,6864.0,407.0,,,0.114353,0.411394,,0.058189,0.002225,0.586162,0.525747,0.525747,0,0.782494241526818,106407.0,,81314.0,EW
2002-03-01,91947.0,5060.0,10881.0,657.0,,,0.114965,0.413112,,0.061161,0.002308,0.591546,0.528077,0.528077,0,0.7822950062206837,106407.0,,108545.0,EW
2002-04-01,91026.0,4665.0,8612.0,411.0,,,0.115922,0.417409,,0.061181,0.002282,0.596794,0.533331,0.533331,0,0.7826452990731834,106407.0,,104714.0,EW
2002-05-01,120424.0,6202.0,11739.0,674.0,,,0.116917,0.423463,,0.061927,0.002257,0.604564,0.54038,0.54038,0,0.7836392908693882,106407.0,,139039.0,EW
2002-06-01,91171.0,4803.0,13114.0,709.0,,,0.117944,0.424851,,0.065731,0.002231,0.610757,0.5427949999999999,0.5427949999999999,0,0.782709862839562,106407.0,,109797.0,EW
2002-07-01,116789.0,5813.0,9686.0,553.0,,,0.119039,0.430303,,0.070605,0.002169,0.622116,0.549342,0.549342,0,0.7833062099748426,106407.0,,132841.0,EW
2002-08-01,115962.0,5823.0,10398.0,637.0,,,0.120155,0.436434,,0.07133,0.002108,0.630027,0.556589,0.556589,0,0.7841225751856397,106407.0,,132820.0,EW
2002-09-01,94627.0,4843.0,9427.0,484.0,,,0.12106,0.438921,,0.075212,0.002046,0.637239,0.5599810000000001,0.5599810000000001,0,0.7838140936924645,106407.0,,109381.0,EW
2002-10-01,96659.0,4879.0,9466.0,451.0,,,0.121881,0.445155,,0.076242,0.002064,0.645341,0.567036,0.567036,0,0.7850559752819928,106407.0,,111455.0,EW
2002-11-01,100194.0,5569.0,10656.0,567.0,,,0.122699,0.44783,,0.080588,0.002081,0.653198,0.5705290000000001,0.5705290000000001,0,0.784938188943945,106407.0,,116986.0,EW
2002-12-01,88387.0,4787.0,13683.0,674.0,,,0.123638,0.451619,,0.081834,0.002099,0.65919,0.575257,0.575257,0,0.7850734541257212,106407.0,,107531.0,EW
2003-01-01,74493.0,3700.0,5433.0,275.0,,,0.125001,0.453777,,0.085875,0.002161,0.666814,0.578778,0.578778,0,0.7840259996060666,127246.0,,83901.0,EW
2003-02-01,68624.0,3584.0,7033.0,409.0,,,0.12601,0.45726,,0.086728,0.002223,0.672221,0.58327,0.58327,0,0.7839594013064276,127246.0,,79650.0,EW
2003-03-01,71552.0,4049.0,8560.0,470.0,,,0.127,0.454521,,0.095128,0.002285,0.678934,0.581521,0.581521,0,0.7816071990521409,127246.0,,84631.0,EW
2003-04-01,75182.0,4282.0,7715.0,428.0,,,0.128097,0.458894,,0.095466,0.002309,0.684766,0.586991,0.586991,0,0.7817734854537803,127246.0,,87607.0,EW
2003-05-01,82655.0,4581.0,9158.0,592.0,,,0.129614,0.461871,,0.098771,0.002332,0.692588,0.591485,0.591485,0,0.7808668013559091,127246.0,,96986.0,EW
2003-06-01,81111.0,4844.0,13396.0,707.0,,,0.131696,0.465346,,0.101981,0.002356,0.70138,0.597042,0.597042,0,0.7794192033391286,127246.0,,100058.0,EW
2003-07-01,95410.0,5135.0,8112.0,442.0,,,0.133195,0.47228,,0.103162,0.002378,0.711016,0.605475,0.605475,0,0.7800156901606177,127246.0,,109099.0,EW
2003-08-01,100583.0,5503.0,9412.0,433.0,,,0.134457,0.47762,,0.105345,0.002401,0.719824,0.612077,0.612077,0,0.7803266582472467,127246.0,,115931.0,EW
2003-09-01,97100.0,5076.0,9582.0,409.0,,,0.136395,0.480803,,0.109324,0.002423,0.728945,0.6171979999999999,0.6171979999999999,0,0.7790093292590061,127246.0,,112167.0,EW
2003-10-01,109063.0,5896.0,10735.0,533.0,,,0.138909,0.487627,,0.110781,0.002447,0.739764,0.626536,0.626536,0,0.7782904733327375,127246.0,,126227.0,EW
2003-11-01,101042.0,5561.0,11099.0,601.0,,,0.140946,0.488943,,0.116925,0.00247,0.749284,0.629889,0.629889,0,0.7762367655253545,127246.0,,118303.0,EW
2003-12-01,100373.0,5348.0,15732.0,725.0,,,0.142312,0.493195,,0.118737,0.002494,0.756738,0.635507,0.635507,0,0.776065409192975,127246.0,,122178.0,EW
2004-01-01,80838.0,3940.0,5859.0,351.0,,,0.14367,0.496309,,0.122906,0.002475,0.76536,0.639979,0.639979,0,0.7755082588647441,148658.0,,90988.0,EW
2004-02-01,79095.0,3776.0,7417.0,430.0,,,0.144886,0.500515,,0.124171,0.002455,0.772027,0.645401,0.645401,0,0.7755101092189198,148658.0,,90718.0,EW
2004-03-01,90471.0,4743.0,9871.0,513.0,,,0.146933,0.500772,,0.130994,0.002436,0.781135,0.647705,0.647705,0,0.7731482696597989,148658.0,,105598.0,EW
2004-04-01,104333.0,5363.0,9759.0,458.0,,,0.148359,0.503544,,0.135833,0.002458,0.790195,0.651903,0.651903,0,0.7724216639592086,148658.0,,119913.0,EW
2004-05-01,95038.0,4756.0,10079.0,470.0,,,0.149788,0.505268,,0.140782,0.002481,0.798319,0.6550560000000001,0.6550560000000001,0,0.771335580469456,148658.0,,110343.0,EW
2004-06-01,104537.0,5097.0,14340.0,591.0,,,0.15138,0.512303,,0.141697,0.002503,0.807883,0.6636829999999999,0.6636829999999999,0,0.771909179533,148658.0,,124565.0,EW
2004-07-01,117283.0,5706.0,9495.0,460.0,,,0.153644,0.515346,,0.146562,0.002503,0.818055,0.66899,0.66899,0,0.770334384669427,148658.0,,132944.0,EW
2004-08-01,100211.0,4330.0,8988.0,477.0,,,0.155669,0.520355,,0.14821,0.002504,0.826738,0.676024,0.676024,0,0.769728589517532,148658.0,,114006.0,EW
2004-09-01,84883.0,3812.0,9113.0,464.0,,,0.157087,0.511975,,0.163469,0.002504,0.835035,0.6690619999999999,0.6690619999999999,0,0.765213089369894,148658.0,,98272.0,EW
2004-10-01,81337.0,3674.0,8936.0,413.0,,,0.158246,0.518297,,0.16341,0.002503,0.842456,0.676543,0.676543,0,0.7660961683145048,148658.0,,94360.0,EW
2004-11-01,70730.0,3300.0,8810.0,480.0,,,0.159129,0.518819,,0.17023,0.002503,0.850681,0.677948,0.677948,0,0.765278457934827,148658.0,,83320.0,EW
2004-12-01,66477.0,3061.0,14411.0,663.0,,,0.160116,0.524349,,0.171805,0.002502,0.858772,0.684465,0.684465,0,0.7660713111700379,148658.0,,84612.0,EW
2005-01-01,48039.0,2268.0,5425.0,248.0,,,0.160923,0.52438,,0.176178,0.002508,0.863989,0.685303,0.685303,0,0.7651797817899527,156325.0,,55980.0,EW
2005-02-01,49550.0,2304.0,6494.0,268.0,,,0.161623,0.52086,,0.182425,0.002515,0.867422,0.682483,0.682483,0,0.7631838448723265,156325.0,,58616.0,EW
2005-03-01,58683.0,2972.0,8639.0,364.0,,,0.162384,0.521945,,0.186697,0.002521,0.873548,0.684329,0.684329,0,0.762710626029293,156325.0,,70658.0,EW
2005-04-01,69750.0,3497.0,9208.0,394.0,,,0.163575,0.525317,,0.189068,0.002527,0.880487,0.6888920000000001,0.6888920000000001,0,0.7625534916939085,156325.0,,82849.0,EW
2005-05-01,70973.0,3459.0,8978.0,406.0,,,0.164742,0.525885,,0.194189,0.002534,0.88735,0.6906270000000001,0.6906270000000001,0,0.7614602383051922,156325.0,,83816.0,EW
2005-06-01,77887.0,3675.0,14193.0,596.0,,,0.166163,0.52675,,0.201289,0.002476,0.896678,0.6929130000000001,0.6929130000000001,0,0.7601964460184756,156325.0,,96351.0,EW
2005-07-01,87835.0,3976.0,9090.0,452.0,,,0.167415,0.531786,,0.20255,0.002461,0.904212,0.699201,0.699201,0,0.760562413383276,156325.0,,101353.0,EW
2005-08-01,85653.0,4048.0,8939.0,362.0,,,0.169163,0.536116,,0.204702,0.002446,0.912427,0.705279,0.705279,0,0.7601474026590895,156325.0,,99002.0,EW
2005-09-01,85606.0,4063.0,10585.0,471.0,,,0.170458,0.541129,,0.206359,0.002453,0.920399,0.711587,0.711587,0,0.7604537463444385,156325.0,,100725.0,EW
2005-10-01,79148.0,3833.0,9423.0,416.0,,,0.171393,0.544253,,0.209703,0.002421,0.92777,0.715646,0.715646,0,0.7605058925781741,156325.0,,92820.0,EW
2005-11-01,81446.0,3950.0,9999.0,433.0,,,0.172421,0.550763,,0.210646,0.002388,0.936218,0.723184,0.723184,0,0.761580731874599,156325.0,,95828.0,EW
2005-12-01,85933.0,4043.0,16356.0,661.0,,,0.173205,0.552451,,0.215662,0.002356,0.943674,0.7256560000000001,0.7256560000000001,0,0.7613125227380466,156325.0,,106993.0,EW
2006-01-01,66094.0,2972.0,6925.0,256.0,,,0.173971,0.542221,,0.232238,0.002358,0.950788,0.7161919999999999,0.7161919999999999,0,0.7570888811938697,166470.0,,76247.0,EW
2006-02-01,67557.0,3236.0,8218.0,331.0,,,0.174707,0.545818,,0.232551,0.00236,0.955436,0.7205250000000001,0.7205250000000001,0,0.7575281912494362,166470.0,,79342.0,EW
2006-03-01,87556.0,4146.0,11840.0,517.0,,,0.175812,0.546597,,0.239323,0.002362,0.964094,0.722409,0.722409,0,0.7566309389833183,166470.0,,104059.0,EW
2006-04-01,81705.0,3835.0,9600.0,372.0,,,0.176936,0.547778,,0.244569,0.002336,0.971619,0.724714,0.724714,0,0.7558540334531967,166470.0,,95512.0,EW
2006-05-01,90433.0,4165.0,10647.0,417.0,,,0.178537,0.550414,,0.247941,0.002311,0.979203,0.7289509999999999,0.7289509999999999,0,0.7550768158627946,166470.0,,105662.0,EW
2006-06-01,103739.0,4986.0,16940.0,769.0,,,0.180494,0.558004,,0.249294,0.002285,0.990077,0.7384979999999999,0.7384979999999999,0,0.7555931092568972,166470.0,,126434.0,EW
2006-07-01,102752.0,4777.0,9717.0,359.0,,,0.182129,0.56527,,0.249633,0.002333,0.999365,0.747399,0.747399,0,0.75631623804688,166470.0,,117605.0,EW
2006-08-01,108998.0,5067.0,9686.0,380.0,,,0.184458,0.56856,,0.256036,0.002382,1.011436,0.753018,0.753018,0,0.7550417121503071,166470.0,,124131.0,EW
2006-09-01,103177.0,5005.0,10584.0,477.0,,,0.186437,0.570508,,0.263189,0.00243,1.022564,0.756945,0.756945,0,0.7536980890289255,166470.0,,119243.0,EW
2006-10-01,101052.0,5106.0,9712.0,414.0,,,0.187974,0.570747,,0.270933,0.002438,1.032092,0.758721,0.758721,0,0.7522488503679219,166470.0,,116284.0,EW
2006-11-01,102265.0,5061.0,10425.0,464.0,,,0.189182,0.571144,,0.280453,0.002446,1.043226,0.760326,0.760326,0,0.7511830451674677,166470.0,,118215.0,EW
2006-12-01,103103.0,5291.0,16355.0,656.0,,,0.189686,0.579324,,0.280825,0.002454,1.052289,0.76901,0.76901,0,0.7533374078360489,166470.0,,125405.0,EW
2007-01-01,78600.0,3747.0,6521.0,215.0,,,0.191171,0.579825,,0.286983,0.002491,1.06047,0.770996,0.770996,0,0.7520467032254383,181364.0,,89083.0,EW
2007-02-01,77829.0,3496.0,6545.0,254.0,,,0.192646,0.584431,,0.287757,0.002528,1.067362,0.777077,0.777077,0,0.7520889178292499,181364.0,,88124.0,EW
2007-03-01,92945.0,4554.0,10094.0,341.0,,,0.194442,0.579638,,0.297116,0.002565,1.07376,0.77408,0.77408,0,0.7488089086399339,181364.0,,107934.0,EW
2007-04-01,84841.0,4186.0,7702.0,242.0,,,0.195562,0.584898,,0.29821,0.002577,1.081247,0.78046,0.78046,0,0.7494272608461676,181364.0,,96971.0,EW
2007-05-01,96107.0,4730.0,8830.0,317.0,,,0.19683,0.577686,,0.313435,0.002589,1.09054,0.774516,0.774516,0,0.7458670963543684,181364.0,,109984.0,EW
2007-06-01,106506.0,5509.0,13570.0,416.0,,,0.198163,0.580312,,0.321025,0.002601,1.102101,0.778475,0.778475,0,0.7454471884132439,181364.0,,126001.0,EW
2007-07-01,106336.0,5183.0,7224.0,204.0,,,0.198672,0.587668,,0.322635,0.002674,1.111649,0.7863399999999999,0.7863399999999999,0,0.7473459317852329,181364.0,,118947.0,EW
2007-08-01,114720.0,5535.0,6526.0,184.0,,,0.199452,0.588887,,0.330807,0.002747,1.121893,0.788339,0.788339,0,0.7469971674622212,181364.0,,126965.0,EW
2007-09-01,89345.0,4212.0,6426.0,179.0,,,0.20005,0.590029,,0.343705,0.00282,1.136604,0.790079,0.790079,0,0.746797472151519,181364.0,,100162.0,EW
2007-10-01,92869.0,4552.0,7184.0,214.0,,,0.200804,0.604239,,0.33566,0.002871,1.143574,0.805043,0.805043,0,0.7505673609981082,181364.0,,104819.0,EW
2007-11-01,91097.0,4544.0,7054.0,278.0,,,0.201598,0.599684,,0.347678,0.002922,1.151882,0.801282,0.801282,0,0.7484056798979635,181364.0,,102973.0,EW
2007-12-01,69516.0,3679.0,9795.0,395.0,,,0.202665,0.596286,,0.354553,0.002973,1.156477,0.798951,0.798951,0,0.7463361332547302,181364.0,,83385.0,EW
2008-01-01,52322.0,2399.0,3867.0,137.0,,,0.205008,0.602073,,0.343249,0.003171,1.1535,0.8070809999999999,0.8070809999999999,0,0.7459883208748564,168974.0,,58725.0,EW
2008-02-01,55483.0,2592.0,4509.0,90.0,,,0.20603,0.608733,,0.339452,0.003368,1.157582,0.8147629999999999,0.8147629999999999,0,0.7471289196981209,168974.0,,62674.0,EW
2008-03-01,49501.0,2620.0,6565.0,303.0,,,0.206855,0.610509,,0.341343,0.003566,1.162273,0.817364,0.817364,0,0.7469242589592886,168974.0,,58989.0,EW
2008-04-01,53376.0,2765.0,7083.0,291.0,,,0.207445,0.599446,,0.355939,0.003648,1.166478,0.806891,0.806891,0,0.7429082738560723,168974.0,,63515.0,EW
2008-05-01,56010.0,2978.0,6959.0,349.0,,,0.207587,0.608031,,0.351092,0.003731,1.170441,0.815618,0.815618,0,0.7454850187219998,168974.0,,66296.0,EW
2008-06-01,47390.0,2584.0,9648.0,453.0,,,0.207116,0.61271,,0.350983,0.003813,1.174621,0.8198259999999999,0.8198259999999999,0,0.7473659044724125,168974.0,,60075.0,EW
2008-07-01,45604.0,2312.0,5491.0,206.0,,,0.207004,0.601203,,0.368657,0.003888,1.180752,0.808207,0.808207,0,0.7438725475033006,168974.0,,53613.0,EW
2008-08-01,41976.0,2000.0,4934.0,221.0,,,0.206925,0.592492,,0.377456,0.003963,1.180836,0.799417,0.799417,0,0.7411551167913617,168974.0,,49131.0,EW
2008-09-01,34852.0,1787.0,5370.0,245.0,,,0.207246,0.590141,,0.382236,0.004038,1.183661,0.7973870000000001,0.7973870000000001,0,0.7400935806578236,168974.0,,42254.0,EW
2008-10-01,37652.0,2121.0,5427.0,270.0,,,0.20764,0.581881,,0.391167,0.004287,1.184974,0.7895209999999999,0.7895209999999999,0,0.7370050954946101,168974.0,,45470.0,EW
2008-11-01,30000.0,1616.0,5029.0,252.0,,,0.208051,0.580484,,0.393291,0.004535,1.186361,0.788535,0.788535,0,0.7361550216540801,168974.0,,36897.0,EW
2008-12-01,31089.0,1566.0,7451.0,419.0,,,0.208345,0.551811,,0.421024,0.004784,1.185964,0.760156,0.760156,0,0.7259181010213693,168974.0,,40525.0,EW
2009-01-01,22906.0,1049.0,2876.0,123.0,,,0.207707,0.55302,,0.419983,0.004978,1.185688,0.7607269999999999,0.7607269999999999,0,0.7269624977160006,156512.0,,26954.0,EW
2009-02-01,23357.0,1106.0,3303.0,183.0,,,0.206757,0.55534,,0.417812,0.005172,1.185081,0.7620969999999999,0.7620969999999999,0,0.7286998899090273,156512.0,,27949.0,EW
2009-03-01,29873.0,1517.0,4984.0,496.0,,,0.206065,0.558553,,0.414749,0.005366,1.184732,0.764618,0.764618,0,0.7304994127786685,156512.0,,36870.0,EW
2009-04-01,33294.0,1671.0,4291.0,272.0,,,0.205343,0.64843,,0.324903,0.00544,1.184117,0.8537729999999999,0.8537729999999999,0,0.759487592135146,156512.0,,39528.0,EW
2009-05-01,38737.0,1935.0,4763.0,343.0,,,0.204592,0.651324,,0.322517,0.005513,1.183946,0.855916,0.855916,0,0.7609671977156637,156512.0,,45778.0,EW
2009-06-01,43347.0,2134.0,7711.0,414.0,,,0.204751,0.655477,,0.319552,0.005587,1.185367,0.860228,0.860228,0,0.7619805446928023,156512.0,,53606.0,EW
2009-07-01,55014.0,2696.0,5318.0,294.0,,,0.204189,0.659733,,0.317124,0.005664,1.18671,0.8639220000000001,0.8639220000000001,0,0.7636488016279247,156512.0,,63322.0,EW
2009-08-01,51369.0,2268.0,4669.0,246.0,,,0.192048,0.674222,,0.315489,0.00574,1.187499,0.86627,0.86627,0,0.7783046856061043,156512.0,,58552.0,EW
2009-09-01,50832.0,2351.0,5236.0,293.0,,,0.19145,0.674889,,0.31693,0.005817,1.189086,0.866339,0.866339,0,0.7790126036112884,156512.0,,58712.0,EW
2009-10-01,57467.0,2716.0,5507.0,288.0,,,0.190548,0.67942,,0.313675,0.006157,1.1898,0.8699680000000001,0.8699680000000001,0,0.7809712541150938,156512.0,,65978.0,EW
2009-11-01,52985.0,2496.0,5598.0,261.0,,,0.189997,0.685017,,0.309657,0.006498,1.191169,0.875014,0.875014,0,0.7828640456038418,156512.0,,61340.0,EW
2009-12-01,67027.0,3029.0,8349.0,376.0,,,0.189712,0.690598,,0.305336,0.006838,1.192484,0.88031,0.88031,0,0.7844940986697868,156512.0,,78781.0,EW
2010-01-01,31435.0,1359.0,2948.0,140.0,,,0.20488,0.818721,,0.164388,0.00684,1.194829,1.023601,1.023601,0,0.7998438844823326,165483.0,,35882.0,EW
2010-02-01,37005.0,1703.0,3713.0,198.0,,,0.20402,0.819839,,0.16365,0.006843,1.194352,1.023859,1.023859,0,0.8007342807945234,165483.0,,42619.0,EW
2010-03-01,43980.0,2154.0,5186.0,225.0,,,0.202581,0.821489,,0.162763,0.006845,1.193678,1.02407,1.02407,0,0.8021805150038571,165483.0,,51545.0,EW
2010-04-01,45458.0,2321.0,4344.0,232.0,,,0.201581,0.822516,,0.162187,0.006792,1.193076,1.024097,1.024097,0,0.8031622004556209,165483.0,,52355.0,EW
2010-05-01,44998.0,2250.0,4795.0,293.0,,,0.200922,0.824257,,0.161481,0.006738,1.193398,1.025179,1.025179,0,0.8040127626492544,165483.0,,52336.0,EW
2010-06-01,52609.0,2642.0,7278.0,371.0,,,0.200488,0.826939,,0.159967,0.006685,1.194079,1.0274269999999999,1.0274269999999999,0,0.8048639952035522,165483.0,,62900.0,EW
2010-07-01,60338.0,2805.0,4297.0,182.0,,,0.200112,0.82918,,0.159025,0.006716,1.195032,1.029292,1.029292,0,0.8055828666695165,165483.0,,67622.0,EW
2010-08-01,54923.0,2491.0,4061.0,201.0,,,0.19983,0.802609,,0.186756,0.006747,1.195942,1.002439,1.002439,0,0.8006561995293479,165483.0,,61676.0,EW
2010-09-01,50074.0,2279.0,5040.0,263.0,,,0.199815,0.80447,,0.186075,0.006778,1.197137,1.004285,1.004285,0,0.8010375540807638,165483.0,,57656.0,EW
2010-10-01,51542.0,2612.0,4406.0,261.0,,,0.199524,0.80581,,0.185512,0.006803,1.197648,1.005334,1.005334,0,0.8015346143669667,165483.0,,58821.0,EW
2010-11-01,49222.0,2512.0,4467.0,264.0,,,0.199134,0.807156,,0.185058,0.006829,1.198177,1.00629,1.00629,0,0.8021107235488776,165483.0,,56465.0,EW
2010-12-01,48141.0,2401.0,6242.0,314.0,,,0.198754,0.808102,,0.184627,0.006854,1.198338,1.006856,1.006856,0,0.8025993786599077,165483.0,,57098.0,EW
2011-01-01,33415.0,1572.0,2590.0,110.0,,,0.198215,0.809431,,0.184226,0.007039,1.198911,1.007646,1.007646,0,0.8032890519091029,165131.0,,37687.0,EW
2011-02-01,35003.0,1654.0,2889.0,187.0,,,0.197581,0.809408,,0.183796,0.007225,1.198011,1.006989,1.006989,0,0.8037903095267178,165131.0,,39733.0,EW
2011-03-01,39861.0,2044.0,4707.0,236.0,,,0.197095,0.810057,,0.182935,0.00741,1.197497,1.007152,1.007152,0,0.804304613404928,165131.0,,46848.0,EW
2011-04-01,44320.0,2061.0,4285.0,224.0,,,0.196629,0.809954,,0.182619,0.007451,1.196653,1.006583,1.006583,0,0.8046569433419797,165131.0,,50890.0,EW
2011-05-01,42828.0,2022.0,4023.0,235.0,,,0.196359,0.811063,,0.182191,0.007491,1.197104,1.007422,1.007422,0,0.8050876395393389,165131.0,,49108.0,EW
2011-06-01,47799.0,2273.0,7427.0,448.0,,,0.196272,0.813348,,0.181197,0.007532,1.198349,1.00962,1.00962,0,0.8055981458370476,165131.0,,57947.0,EW
2011-07-01,55466.0,2631.0,4226.0,189.0,,,0.196111,0.814693,,0.180825,0.007601,1.199231,1.010804,1.010804,0,0.8059851365843428,165131.0,,62512.0,EW
2011-08-01,57518.0,2667.0,4113.0,272.0,,,0.196005,0.8163,,0.180351,0.007671,1.200327,1.012305,1.012305,0,0.8063775245602857,165131.0,,64570.0,EW
2011-09-01,55644.0,2579.0,5216.0,296.0,,,0.195979,0.817946,,0.179364,0.00774,1.20103,1.013925,1.013925,0,0.8067125280469463,165131.0,,63735.0,EW
2011-10-01,51019.0,2520.0,4393.0,209.0,,,0.19656,0.818382,,0.178931,0.007798,1.201671,1.014942,1.014942,0,0.8063337609439751,165131.0,,58141.0,EW
2011-11-01,52459.0,2637.0,5135.0,300.0,,,0.196953,0.818813,,0.17862,0.007856,1.202242,1.015766,1.015766,0,0.8061039648895514,165131.0,,60531.0,EW
2011-12-01,53350.0,2523.0,7641.0,396.0,,,0.196988,0.818294,,0.179481,0.007914,1.202677,1.015282,1.015282,0,0.8059770585906181,165131.0,,63910.0,EW
2012-01-01,39080.0,1710.0,3045.0,129.0,622.0,13807.0,0.196998,0.820539,,0.17933,0.00816,1.205027,1.017537,1.017537,0,0.8063972120915506,163628.0,,43964.0,EW
2012-02-01,39524.0,1833.0,3499.0,155.0,681.0,13606.0,0.197059,0.820755,,0.178689,0.008405,1.204908,1.017814,1.017814,0,0.8063899690906197,163628.0,,45011.0,EW
2012-03-01,52171.0,2280.0,6819.0,322.0,838.0,17163.0,0.197885,0.821549,,0.178348,0.008651,1.206433,1.019434,1.019434,0,0.8058873845682997,163628.0,,61592.0,EW
2012-04-01,37523.0,1908.0,3872.0,196.0,793.0,14139.0,0.198115,0.821979,,0.17803,0.008975,1.207098,1.020094,1.020094,0,0.8057875058573033,163628.0,,43499.0,EW
2012-05-01,45506.0,2099.0,4907.0,247.0,802.0,16459.0,0.19897,0.822288,,0.177712,0.009299,1.208269,1.021258,1.021258,0,0.805171660833991,163628.0,,52759.0,EW
2012-06-01,48778.0,2438.0,8434.0,486.0,982.0,17333.0,0.199536,0.8299,,0.180749,0.009623,1.219807,1.029436,1.029436,0,0.8061695918930365,163628.0,,60136.0,EW
2012-07-01,52964.0,2418.0,3874.0,164.0,943.0,18737.0,0.200642,0.831314,,0.179328,0.010015,1.221299,1.031956,1.031956,0,0.8055711677629666,163628.0,,59420.0,EW
2012-08-01,57719.0,2714.0,4677.0,220.0,1080.0,20365.0,0.20155,0.831474,,0.179283,0.010406,1.222712,1.0330240000000002,1.0330240000000002,0,0.8048932067405984,163628.0,,65330.0,EW
2012-09-01,45558.0,2206.0,5112.0,243.0,912.0,16606.0,0.202043,0.831715,,0.178871,0.010798,1.223427,1.033758,1.033758,0,0.8045548377860195,163628.0,,53119.0,EW
2012-10-01,51574.0,2616.0,4836.0,268.0,1124.0,19088.0,0.202754,0.831812,,0.178484,0.011137,1.224188,1.0345659999999999,1.0345659999999999,0,0.8040202365049693,163628.0,,59294.0,EW
2012-11-01,55582.0,2767.0,5428.0,272.0,1053.0,20015.0,0.203322,0.832432,,0.177791,0.011477,1.225022,1.0357539999999998,1.0357539999999998,0,0.8036966306671276,163628.0,,64049.0,EW
2012-12-01,46544.0,2290.0,7510.0,399.0,933.0,17216.0,0.203759,0.832132,,0.177475,0.011816,1.225182,1.035891,1.035891,0,0.8033007333783189,163628.0,,56743.0,EW
2013-01-01,38586.0,1683.0,2944.0,119.0,676.0,14082.0,0.204145,0.831961,,0.177239,0.012179,1.225525,1.036106,1.036106,0,0.8029690012411858,168928.0,,43332.0,EW
2013-02-01,39660.0,1880.0,3531.0,147.0,737.0,14115.0,0.20446,0.831013,,0.176956,0.012542,1.224971,1.035473,1.035473,0,0.8025443444686631,168928.0,,45218.0,EW
2013-03-01,45993.0,2307.0,6106.0,294.0,916.0,17323.0,0.205438,0.82972,,0.176627,0.012905,1.22469,1.035158,1.035158,0,0.8015394751332646,168928.0,,54700.0,EW
2013-04-01,44124.0,2096.0,4620.0,207.0,852.0,17002.0,0.206348,0.828577,,0.176152,0.013315,1.224393,1.034925,1.034925,0,0.8006155035389038,168928.0,,51047.0,EW
2013-05-01,57623.0,2768.0,5737.0,260.0,1101.0,20745.0,0.207614,0.828085,,0.176136,0.013725,1.22556,1.035699,1.035699,0,0.7995421449668292,168928.0,,66388.0,EW
2013-06-01,53396.0,2707.0,9826.0,476.0,1083.0,20487.0,0.209022,0.828528,,0.175352,0.014135,1.227036,1.03755,1.03755,0,0.798542720832731,168928.0,,66405.0,EW
2013-07-01,65884.0,3153.0,4652.0,176.0,1232.0,23871.0,0.210357,0.828893,,0.174765,0.014516,1.228532,1.03925,1.03925,0,0.7975876834255472,168928.0,,73865.0,EW
2013-08-01,70225.0,3293.0,5958.0,239.0,1318.0,24749.0,0.2118,0.828941,,0.174489,0.014897,1.230127,1.0407410000000001,1.0407410000000001,0,0.7964911538990007,168928.0,,79715.0,EW
2013-09-01,60745.0,2940.0,6472.0,278.0,1202.0,22762.0,0.213226,0.82876,,0.174018,0.015278,1.231281,1.041986,1.041986,0,0.7953657726687307,168928.0,,70435.0,EW
2013-10-01,68987.0,3350.0,6124.0,282.0,1399.0,25847.0,0.214614,0.83017,,0.173591,0.015413,1.233788,1.044784,1.044784,0,0.7945852922709383,168928.0,,78743.0,EW
2013-11-01,73967.0,3766.0,7074.0,304.0,1474.0,26928.0,0.215689,0.833077,,0.171407,0.015547,1.235719,1.0487659999999999,1.0487659999999999,0,0.7943402055367929,168928.0,,85111.0,EW
2013-12-01,67691.0,3377.0,10142.0,510.0,1401.0,24885.0,,,1.049851,0.171194,0.015682,1.236727,1.049851,1.049851,1,,168928.0,,81720.0,EW
2014-01-01,60341.0,2762.0,4246.0,155.0,1106.0,21110.0,,,1.052132,0.170567,0.015761,1.23846,1.052132,1.052132,1,,185620.0,,67504.0,EW
2014-02-01,59081.0,2766.0,5100.0,192.0,1041.0,20422.0,,,1.053124,0.170113,0.01584,1.239077,1.053124,1.053124,1,,185620.0,,67139.0,EW
2014-03-01,59574.0,2937.0,7020.0,277.0,1226.0,22165.0,,,1.055353,0.169634,0.015919,1.240906,1.055353,1.055353,1,,185620.0,,69808.0,EW
2014-04-01,63294.0,3093.0,6020.0,267.0,1211.0,23156.0,,,1.057335,0.168968,0.016211,1.242514,1.057335,1.057335,1,,185620.0,,72674.0,EW
2014-05-01,69315.0,3518.0,6896.0,330.0,1438.0,24575.0,,,1.059194,0.16875,0.016502,1.244447,1.059194,1.059194,1,,185620.0,,80059.0,EW
2014-06-01,68076.0,3375.0,11552.0,474.0,1401.0,25527.0,,,1.061979,0.168446,0.016794,1.247219,1.061979,1.061979,1,,185620.0,,83477.0,EW
2014-07-01,77211.0,3874.0,5949.0,277.0,1599.0,27651.0,,,1.065309,0.168234,0.016811,1.250354,1.065309,1.065309,1,,185620.0,,87311.0,EW
2014-08-01,79999.0,3787.0,6321.0,297.0,1490.0,27982.0,,,1.067544,0.168031,0.016828,1.252403,1.067544,1.067544,1,,185620.0,,90404.0,EW
2014-09-01,70561.0,3329.0,6986.0,325.0,1371.0,25757.0,,,1.069752,0.16691,0.016845,1.253507,1.069752,1.069752,1,,185620.0,,81201.0,EW
2014-10-01,77930.0,3748.0,6997.0,381.0,1589.0,28678.0,,,1.072348,0.111125,0.06998,1.253453,1.072348,1.072348,1,,185620.0,,89056.0,EW
2014-11-01,65470.0,3286.0,6534.0,327.0,1393.0,24319.0,,,1.074299,0.111211,0.069529,1.255039,1.074299,1.074299,1,,185620.0,,75617.0,EW
2014-12-01,66430.0,3333.0,10311.0,503.0,1377.0,25384.0,,,1.075866,0.111019,0.069062,1.255946,1.075866,1.075866,1,,185620.0,,80577.0,EW
2015-01-01,52283.0,2527.0,4079.0,203.0,1000.0,19096.0,,,1.075279,0.113668,0.068883,1.25783,1.075279,1.075279,1,,193900.0,,59092.0,EW
2015-02-01,52833.0,2530.0,4836.0,220.0,1061.0,19403.0,,,1.077247,0.113207,0.06867,1.259124,1.077247,1.077247,1,,193900.0,,60419.0,EW
2015-03-01,57452.0,2928.0,7829.0,346.0,1255.0,22251.0,,,1.078303,0.113999,0.068438,1.26074,1.078303,1.078303,1,,193900.0,,68555.0,EW
2015-04-01,55750.0,2810.0,6641.0,340.0,1145.0,20646.0,,,1.079694,0.114585,0.068372,1.262651,1.079694,1.079694,1,,193900.0,,65541.0,EW
2015-05-01,64072.0,3284.0,8160.0,296.0,1277.0,23040.0,,,1.081527,0.114211,0.06833,1.264068,1.081527,1.081527,1,,193900.0,,75812.0,EW
2015-06-01,68704.0,3381.0,13153.0,671.0,1400.0,25994.0,,,1.085316,0.11424,0.068172,1.267727,1.085316,1.085316,1,,193900.0,,85909.0,EW
2015-07-01,82524.0,4169.0,7259.0,300.0,1630.0,28407.0,,,1.089912,0.112075,0.067932,1.269919,1.089912,1.089912,1,,193900.0,,94252.0,EW
2015-08-01,74955.0,3624.0,7002.0,294.0,1433.0,26001.0,,,1.093757,0.112102,0.067772,1.273631,1.093757,1.093757,1,,193900.0,,85875.0,EW
2015-09-01,72162.0,3417.0,8030.0,384.0,1404.0,25700.0,,,1.097344,0.112413,0.067585,1.277342,1.097344,1.097344,1,,193900.0,,83993.0,EW
2015-10-01,80544.0,4188.0,7588.0,312.0,1665.0,27558.0,,,1.101563,0.11265,0.0673,1.281513,1.101563,1.101563,1,,193900.0,,92632.0,EW
2015-11-01,72294.0,3788.0,6567.0,276.0,1488.0,25306.0,,,1.105573,0.112664,0.066992,1.285229,1.105573,1.105573,1,,193900.0,,82925.0,EW
2015-12-01,70857.0,3701.0,9509.0,428.0,1444.0,24819.0,,,1.111512,0.112859,0.063989,1.28836,1.111512,1.111512,1,,193900.0,,84495.0,EW
2016-01-01,55796.0,2665.0,4196.0,123.0,1076.0,18950.0,,,1.114232,0.113507,0.063773,1.291512,1.114232,1.114232,1,,203771.0,,62780.0,EW
2016-02-01,60285.0,3035.0,4839.0,180.0,1184.0,20743.0,,,1.115891,0.11399,0.063595,1.293476,1.115891,1.115891,1,,203771.0,,68339.0,EW
2016-03-01,110345.0,5427.0,8957.0,317.0,2489.0,44369.0,,,1.122964,0.115003,0.063294,1.301261,1.122964,1.122964,1,,203771.0,,125046.0,EW
2016-04-01,45431.0,2515.0,7159.0,307.0,873.0,14244.0,,,1.129612,0.107968,0.063338,1.300919,1.129612,1.129612,1,,203771.0,,55412.0,EW
2016-05-01,52927.0,2779.0,7252.0,346.0,978.0,17172.0,,,1.131429,0.116083,0.05522,1.302733,1.131429,1.131429,1,,203771.0,,63304.0,EW
2016-06-01,61947.0,3316.0,12312.0,496.0,1249.0,21717.0,,,1.136372,0.115227,0.055234,1.306834,1.136372,1.136372,1,,203771.0,,78071.0,EW
2016-07-01,70827.0,3796.0,7092.0,261.0,1425.0,22954.0,,,1.13967,0.114794,0.055208,1.309672,1.13967,1.13967,1,,203771.0,,81976.0,EW
2016-08-01,72401.0,3823.0,7254.0,299.0,1464.0,24209.0,,,1.143736,0.114427,0.055157,1.31332,1.143736,1.143736,1,,203771.0,,83777.0,EW
2016-09-01,67570.0,3711.0,8544.0,343.0,1393.0,23122.0,,,1.148614,0.114171,0.055123,1.317908,1.148614,1.148614,1,,203771.0,,80168.0,EW
2016-10-01,62666.0,3673.0,8159.0,284.0,1445.0,22138.0,,,1.152037,0.113792,0.055054,1.320884,1.152037,1.152037,1,,203771.0,,74782.0,EW
2016-11-01,65604.0,3750.0,8493.0,334.0,1476.0,23713.0,,,1.154457,0.113236,0.054989,1.322683,1.154457,1.154457,1,,203771.0,,78181.0,EW
2016-12-01,66620.0,3962.0,12985.0,619.0,1578.0,23932.0,,,1.157035,0.113035,0.054015,1.324085,1.157035,1.157035,1,,203771.0,,84186.0,EW
2017-01-01,52224.0,2894.0,5274.0,162.0,1116.0,18872.0,,,1.159281,0.112913,0.054317,1.326511,1.159281,1.159281,1,,209935.0,,60554.0,EW
2017-02-01,54761.0,3001.0,5901.0,224.0,1170.0,18891.0,,,1.161642,0.112634,0.054989,1.329264,1.161642,1.161642,1,,209935.0,,63887.0,EW
2017-03-01,64737.0,3555.0,9649.0,354.0,1440.0,23503.0,,,1.166022,0.112358,0.055724,1.334104,1.166022,1.166022,1,,209935.0,,78295.0,EW
2017-04-01,54966.0,3234.0,7352.0,256.0,1241.0,20263.0,,,1.167442,0.112203,0.055948,1.335593,1.167442,1.167442,1,,209935.0,,65808.0,EW
2017-05-01,60657.0,3593.0,8519.0,340.0,1797.0,27060.0,,,1.171402,0.111756,0.056181,1.33934,1.171402,1.171402,1,,209935.0,,73109.0,EW
2017-06-01,70379.0,4124.0,13948.0,567.0,1673.0,27326.0,,,1.178095,0.111605,0.056388,1.346088,1.178095,1.178095,1,,209935.0,,89018.0,EW
2017-07-01,69826.0,3915.0,7167.0,228.0,1420.0,23190.0,,,1.181118,0.111237,0.056594,1.348949,1.181118,1.181118,1,,209935.0,,81136.0,EW
2017-08-01,75501.0,4293.0,7169.0,279.0,1621.0,24757.0,,,1.186238,0.111138,0.056766,1.354142,1.186238,1.186238,1,,209935.0,,87242.0,EW
2017-09-01,69098.0,4086.0,8984.0,338.0,1560.0,23320.0,,,1.196393,0.105335,0.056959,1.358687,1.196393,1.196393,1,,209935.0,,82506.0,EW
2017-10-01,68638.0,4166.0,8409.0,305.0,1653.0,23581.0,,,1.199122,0.105174,0.057447,1.361743,1.199122,1.199122,1,,209935.0,,81518.0,EW
2017-11-01,67876.0,4097.0,8912.0,377.0,1563.0,23606.0,,,1.203444,0.105458,0.057942,1.366844,1.203444,1.203444,1,,209935.0,,81262.0,EW
2017-12-01,63647.0,4049.0,12875.0,610.0,1504.0,21469.0,,,1.206281,0.104211,0.058455,1.368947,1.206281,1.206281,1,,209935.0,,81181.0,EW
2018-01-01,51487.0,3005.0,5651.0,165.0,1160.0,17609.0,,,1.208097,0.104354,0.058709,1.371159,1.208097,1.208097,1,,214163.0,,60308.0,EW
2018-02-01,51801.0,3036.0,6693.0,240.0,1149.0,17393.0,,,1.209122,0.104524,0.058974,1.37262,1.209122,1.209122,1,,214163.0,,61770.0,EW
2018-03-01,58449.0,3459.0,9735.0,341.0,1287.0,19499.0,,,1.214067,0.103915,0.059211,1.377193,1.214067,1.214067,1,,214163.0,,71984.0,EW
2018-04-01,51472.0,3147.0,7467.0,220.0,1215.0,17319.0,,,1.215245,0.10428,0.054309,1.373834,1.215245,1.215245,1,,214163.0,,62306.0,EW
2018-05-01,59274.0,3539.0,8316.0,260.0,1264.0,19154.0,,,1.218148,0.104576,0.054372,1.377095,1.218148,1.218148,1,,214163.0,,71389.0,EW
2018-06-01,63856.0,3769.0,15200.0,575.0,1390.0,21543.0,,,1.223203,0.104742,0.054451,1.382396,1.223203,1.223203,1,,214163.0,,83400.0,EW
2018-07-01,66411.0,3963.0,7499.0,264.0,1445.0,21205.0,,,1.226177,0.104612,0.054803,1.385592,1.226177,1.226177,1,,214163.0,,78137.0,EW
2018-08-01,76414.0,4521.0,8052.0,290.0,1658.0,24068.0,,,1.230445,0.104904,0.055154,1.390504,1.230445,1.230445,1,,214163.0,,89277.0,EW
2018-09-01,60042.0,3655.0,8797.0,304.0,1341.0,20188.0,,,1.234583,0.104856,0.054687,1.394126,1.234583,1.234583,1,,214163.0,,72798.0,EW
2018-10-01,67833.0,4086.0,9031.0,301.0,1546.0,22640.0,,,1.24147,0.105292,0.054786,1.401548,1.24147,1.24147,1,,214163.0,,81251.0,EW
2018-11-01,71958.0,4711.0,9652.0,346.0,1701.0,23361.0,,,1.245228,0.105956,0.054889,1.406074,1.245228,1.245228,1,,214163.0,,86667.0,EW
2018-12-01,56696.0,3639.0,13145.0,616.0,1334.0,18738.0,,,1.247764,0.10597,0.055026,1.40876,1.247764,1.247764,1,,214163.0,,74096.0,EW
2019-01-01,48967.0,2942.0,5167.0,128.0,1047.0,15897.0,,,1.249971,0.106554,0.055392,1.411918,1.249971,1.249971,1,,215333.0,,57204.0,EW
2019-02-01,51192.0,3012.0,6138.0,195.0,1034.0,16354.0,,,1.251781,0.106873,0.055751,1.414405,1.251781,1.251781,1,,215333.0,,60537.0,EW
2019-03-01,55340.0,3341.0,9866.0,298.0,1195.0,17969.0,,,1.255109,0.107066,0.052007,1.414182,1.255109,1.255109,1,,215333.0,,68845.0,EW
2019-04-01,52375.0,3199.0,7732.0,263.0,1139.0,16445.0,,,1.257305,0.107404,0.052144,1.416854,1.257305,1.257305,1,,215333.0,,63569.0,EW
2019-05-01,58106.0,3570.0,8706.0,284.0,1183.0,18124.0,,,1.259901,0.107966,0.052287,1.420154,1.259901,1.259901,1,,215333.0,,70666.0,EW
2019-06-01,54735.0,3498.0,14266.0,499.0,1187.0,17590.0,,,1.264312,0.108167,0.052431,1.42491,1.264312,1.264312,1,,215333.0,,72998.0,EW
2019-07-01,65983.0,4063.0,7630.0,243.0,1378.0,20206.0,,,1.268271,0.108534,0.052642,1.429448,1.268271,1.268271,1,,215333.0,,77919.0,EW
2019-08-01,70546.0,4244.0,8292.0,302.0,1415.0,20742.0,,,1.273769,0.1073,0.052855,1.433923,1.273769,1.273769,1,,215333.0,,83384.0,EW
2019-09-01,60024.0,3595.0,8996.0,328.0,1226.0,18800.0,,,1.277423,0.107666,0.053079,1.438168,1.277423,1.277423,1,,215333.0,,72943.0,EW
2019-10-01,66056.0,3982.0,8564.0,312.0,1355.0,20646.0,,,1.282355,0.108211,0.053406,1.443972,1.282355,1.282355,1,,215333.0,,78914.0,EW
2019-11-01,67142.0,4098.0,9560.0,396.0,1356.0,20466.0,,,1.285945,0.10874,0.053736,1.448421,1.285945,1.285945,1,,215333.0,,81196.0,EW
2019-12-01,57508.0,3565.0,13033.0,524.0,1160.0,18388.0,,,1.29135,0.108632,0.054057,1.454038,1.29135,1.29135,1,,215333.0,,74630.0,EW
2020-01-01,51367.0,3039.0,5236.0,132.0,1011.0,15566.0,,,1.294432,0.108758,0.054588,1.457778,1.294432,1.294432,1,,223050.0,,59774.0,EW
2020-02-01,50581.0,2985.0,5987.0,183.0,960.0,15325.0,,,1.296457,0.109367,0.055102,1.460927,1.296457,1.296457,1,,223050.0,,59736.0,EW
2020-03-01,49736.0,3061.0,7890.0,279.0,1028.0,15525.0,,,1.300061,0.109772,0.055621,1.465455,1.300061,1.300061,1,,223050.0,,60966.0,EW
2020-04-01,20993.0,1311.0,2680.0,70.0,397.0,6037.0,,,1.299219,0.11016,0.055894,1.465273,1.299219,1.299219,1,,223050.0,,25054.0,EW
2020-05-01,28330.0,1514.0,2468.0,62.0,471.0,8467.0,,,1.298504,0.110184,0.056168,1.464857,1.298504,1.298504,1,,223050.0,,32374.0,EW
2020-06-01,41775.0,1872.0,4889.0,141.0,596.0,12806.0,,,1.30127,0.110267,0.056435,1.467972,1.30127,1.30127,1,,223050.0,,48677.0,EW
2020-07-01,49100.0,2262.0,5424.0,129.0,825.0,15118.0,,,1.30429,0.110715,0.056774,1.471779,1.30429,1.30429,1,,223050.0,,56915.0,EW
2020-08-01,50719.0,2389.0,5757.0,136.0,858.0,15156.0,,,1.307432,0.110666,0.057113,1.475211,1.307432,1.307432,1,,223050.0,,59001.0,EW
2020-09-01,56532.0,2728.0,6332.0,131.0,877.0,17116.0,,,1.312402,0.111007,0.057444,1.480853,1.312402,1.312402,1,,223050.0,,65723.0,EW
2020-10-01,71485.0,4061.0,6422.0,139.0,1389.0,21585.0,,,1.31832,0.111299,0.057943,1.487561,1.31832,1.31832,1,,223050.0,,82107.0,EW
2020-11-01,70882.0,4083.0,5865.0,153.0,1390.0,21598.0,,,1.324256,0.111623,0.058446,1.494325,1.324256,1.324256,1,,223050.0,,80983.0,EW
2020-12-01,78316.0,4691.0,7389.0,238.0,1676.0,23812.0,,,1.330358,0.111837,0.058951,1.501146,1.330358,1.330358,1,,223050.0,,90634.0,EW
2021-01-01,61447.0,3113.0,3410.0,60.0,1029.0,18288.0,,,1.334157,0.11227,0.059582,1.506009,1.334157,1.334157,1,,240629.0,,68030.0,EW
2021-02-01,78209.0,3706.0,4211.0,93.0,1172.0,23073.0,,,1.338972,0.112856,0.055944,1.507771,1.338972,1.338972,1,,240629.0,,86219.0,EW
2021-03-01,109334.0,4861.0,6539.0,179.0,1665.0,34324.0,,,1.349227,0.113622,0.056606,1.519455,1.349227,1.349227,1,,240629.0,,120913.0,EW
2021-04-01,70204.0,3836.0,3569.0,131.0,1310.0,21247.0,,,1.351251,0.113992,0.056893,1.522136,1.351251,1.351251,1,,240629.0,,77740.0,EW
2021-05-01,59988.0,3508.0,3482.0,136.0,1227.0,18915.0,,,1.354513,0.114613,0.057046,1.526171,1.354513,1.354513,1,,240629.0,,67114.0,EW
2021-06-01,137730.0,6152.0,7359.0,219.0,2068.0,42473.0,,,1.371858,0.115589,0.057199,1.544646,1.371858,1.371858,1,,240629.0,,151460.0,EW
2021-07-01,44203.0,3436.0,2506.0,70.0,1131.0,12774.0,,,1.370361,0.115782,0.057568,1.543711,1.370361,1.370361,1,,240629.0,,50215.0,EW
2021-08-01,60585.0,3722.0,3613.0,110.0,1297.0,19313.0,,,1.373347,0.116135,0.057937,1.547419,1.373347,1.373347,1,,240629.0,,68030.0,EW
2021-09-01,107537.0,4148.0,5152.0,133.0,1451.0,33335.0,,,1.383688,0.113036,0.058305,1.555028,1.383688,1.383688,1,,240629.0,,116970.0,EW
2021-10-01,44272.0,4039.0,3138.0,116.0,1372.0,12929.0,,,1.385915,0.11336,0.058503,1.557778,1.385915,1.385915,1,,240629.0,,51565.0,EW
2021-11-01,56017.0,4107.0,3433.0,126.0,1312.0,16684.0,,,1.389326,0.11361,0.0587,1.561635,1.389326,1.389326,1,,240629.0,,63683.0,EW
2021-12-01,59331.0,3869.0,4475.0,149.0,1210.0,17372.0,,,1.392986,0.113885,0.058897,1.565768,1.392986,1.392986,1,,240629.0,,67824.0,EW
2022-01-01,51592.0,2917.0,2279.0,52.0,882.0,13839.0,,,1.396734,0.114361,0.059227,1.570322,1.396734,1.396734,1,,278000.0,,56840.0,EW
2022-02-01,57899.0,3297.0,2509.0,75.0,1005.0,14966.0,,,1.399677,0.114362,0.059557,1.573597,1.399677,1.399677,1,,278000.0,,63780.0,EW
2022-03-01,63832.0,3571.0,2887.0,58.0,1037.0,16463.0,,,1.406918,0.115836,0.059886,1.582639,1.406918,1.406918,1,,278000.0,,70348.0,EW
2022-04-01,56496.0,3243.0,2376.0,42.0,956.0,13815.0,,,1.409879,0.116143,0.06018,1.586202,1.409879,1.409879,1,,278000.0,,62157.0,EW
2022-05-01,56884.0,3250.0,1890.0,71.0,898.0,13484.0,,,1.414866,0.116341,0.060474,1.591681,1.414866,1.414866,1,,278000.0,,62095.0,EW
2022-06-01,56082.0,2951.0,2573.0,76.0,807.0,12631.0,,,1.421751,0.11664,0.060768,1.599159,1.421751,1.421751,1,,278000.0,,61682.0,EW
2022-07-01,62332.0,3534.0,1238.0,22.0,916.0,14264.0,,,1.42572,0.11709,0.061062,1.603873,1.42572,1.42572,1,,278000.0,,67126.0,EW
2022-08-01,63508.0,3471.0,1021.0,18.0,855.0,13606.0,,,1.431654,0.115385,0.061356,1.608395,1.431654,1.431654,1,,278000.0,,68018.0,EW
2022-09-01,60626.0,3285.0,953.0,17.0,1282.0,20830.0,,,1.439455,0.118105,0.06165,1.61921,1.439455,1.439455,1,,278000.0,,64881.0,EW
2022-10-01,56625.0,3221.0,593.0,11.0,1434.0,19559.0,,,1.442586,0.118124,0.061944,1.622654,1.442586,1.442586,1,,278000.0,,60450.0,EW
2022-11-01,65860.0,3662.0,5633.0,240.0,1261.0,20318.0,,,1.447085,0.11807,0.059872,1.625026,1.447085,1.447085,1,,278000.0,,75395.0,EW
2022-12-01,30900.0,3340.0,7110.0,330.0,1159.0,18042.0,,,1.450864,0.117559,0.060114,1.628537,1.450864,1.450864,1,,278000.0,,41680.0,EW
2023-01-01,43331.0,2384.0,1786.0,75.0,926.0,15637.0,,,1.451148,0.117451,0.052245,1.620844,1.451148,1.451148,1,,302000.0,,47576.0,EW
2023-02-01,43156.0,2398.0,2332.0,92.0,840.0,14769.0,,,1.450114,0.117073,0.052245,1.619432,1.450114,1.450114,1,,302000.0,,47978.0,EW
2023-03-01,48690.0,2864.0,3701.0,130.0,1070.0,18162.0,,,1.45376,0.113352,0.052245,1.619357,1.45376,1.45376,1,,302000.0,,55385.0,EW
2023-04-01,36175.0,2096.0,2524.0,94.0,805.0,13528.0,,,1.450837,0.113179,0.052358,1.616374,1.450837,1.450837,1,,302000.0,,40889.0,EW
2023-05-01,39784.0,2330.0,3239.0,123.0,846.0,14612.0,,,1.450711,0.11285,0.052471,1.616032,1.450711,1.450711,1,,302000.0,,45476.0,EW
2023-06-01,48086.0,2865.0,5088.0,210.0,1055.0,17086.0,,,1.452768,0.112834,0.052584,1.618186,1.452768,1.452768,1,,302000.0,,56249.0,EW
2023-07-01,48489.0,2706.0,1701.0,87.0,888.0,15827.0,,,1.452724,0.112518,0.052615,1.617857,1.452724,1.452724,1,,302000.0,,52983.0,EW
2023-08-01,54446.0,2951.0,1658.0,67.0,977.0,17634.0,,,1.455328,0.11221,0.052645,1.620183,1.455328,1.455328,1,,302000.0,,59122.0,EW
2023-09-01,50286.0,2954.0,1575.0,61.0,1025.0,16288.0,,,1.455904,0.111893,0.052675,1.620473,1.455904,1.455904,1,,302000.0,,54876.0,EW
2023-10-01,47503.0,2779.0,1007.0,35.0,978.0,15765.0,,,1.456124,0.111429,0.052826,1.620379,1.456124,1.456124,1,,302000.0,,51324.0,EW
2023-11-01,45673.0,2579.0,811.0,45.0,931.0,15520.0,,,1.456635,0.111361,0.052976,1.620972,1.456635,1.456635,1,,302000.0,,49108.0,EW
2023-12-01,40568.0,2508.0,804.0,38.0,832.0,13057.0,,,1.454731,0.111158,0.053126,1.619015,1.454731,1.454731,1,,302000.0,,43918.0,EW
2024-01-01,38890.0,2010.0,2900.0,72.0,717.0,13741.0,,,1.453805,0.111459,0.055269,1.620533,1.453805,1.453805,1,,306000.0,,43872.0,EW
2024-02-01,43761.0,2440.0,3422.0,101.0,814.0,14578.0,,,1.453903,0.111548,0.055423,1.620874,1.453903,1.453903,1,,306000.0,,49724.0,EW
2024-03-01,48803.0,2729.0,5364.0,138.0,910.0,15969.0,,,1.454158,0.111877,0.055577,1.621612,1.454158,1.454158,1,,306000.0,,57034.0,EW
2024-04-01,44495.0,2468.0,4146.0,149.0,856.0,14530.0,,,1.45461,0.112123,0.055657,1.62239,1.45461,1.45461,1,,306000.0,,51258.0,EW
2024-05-01,54129.0,2962.0,5290.0,183.0,940.0,16983.0,,,1.455123,0.113405,0.055737,1.624264,1.455123,1.455123,1,,306000.0,,62564.0,EW
2024-06-01,50037.0,2829.0,7816.0,345.0,895.0,15666.0,,,1.4587,0.113478,0.055817,1.627995,1.4587,1.4587,1,,306000.0,,61027.0,EW
2024-07-01,60860.0,3418.0,3792.0,110.0,1070.0,17921.0,,,1.461086,0.11372,0.055888,1.630694,1.461086,1.461086,1,,306000.0,,68180.0,EW
2024-08-01,65622.0,3620.0,4878.0,170.0,1073.0,19002.0,,,1.465217,0.113699,0.055959,1.634875,1.465217,1.465217,1,,306000.0,,74290.0,EW
2024-09-01,57720.0,3130.0,5445.0,140.0,967.0,17193.0,,,1.468711,0.113366,0.05603,1.638107,1.468711,1.468711,1,,306000.0,,66435.0,EW
2024-10-01,68438.0,3709.0,5313.0,165.0,1146.0,20498.0,,,1.472332,0.113443,0.055972,1.641747,1.472332,1.472332,1,,306000.0,,77625.0,EW
2024-11-01,65084.0,3725.0,5607.0,206.0,1149.0,18787.0,,,1.475383,0.113503,0.055914,1.6448,1.475383,1.475383,1,,306000.0,,74622.0,EW
2024-12-01,57233.0,3256.0,7968.0,291.0,961.0,16634.0,,,1.473893,0.115093,0.055856,1.644841,1.473893,1.473893,1,,306000.0,,68748.0,EW
2025-01-01,51324.0,2660.0,3065.0,83.0,770.0,14077.0,,,1.480168,0.114109,0.05657,1.650847,1.480168,1.480168,1,,270000.0,,57132.0,EW
2025-02-01,56772.0,2978.0,3778.0,92.0,848.0,14973.0,,,1.492782,0.114246,0.056927,1.663954,1.492782,1.492782,1,,270000.0,,63620.0,EW
2025-03-01,101018.0,3297.0,7502.0,132.0,1003.0,26643.0,,,1.490847,0.114026,0.056963,1.661836,1.490847,1.490847,1,,270000.0,,111949.0,EW
2025-04-01,24486.0,2578.0,2023.0,137.0,675.0,6120.0,,,1.493753,0.113638,0.056999,1.66439,1.493753,1.493753,1,,270000.0,,29224.0,EW
2025-05-01,40294.0,2724.0,2534.0,102.0,707.0,9803.0,,,1.499938,0.111228,0.057035,1.668201,1.499938,1.499938,1,,270000.0,,45654.0,EW
2025-06-01,46034.0,2839.0,2073.0,50.0,706.0,10268.0,,,1.504233,0.111948,0.057076,1.673257,1.504233,1.504233,1,,270000.0,,50996.0,EW
2025-07-01,53644.0,3109.0,455.0,3.0,764.0,11236.0,,,1.509072,0.111827,0.057117,1.678015,1.509072,1.509072,1,,270000.0,,57211.0,EW
2025-08-01,53837.0,3019.0,256.0,1.0,641.0,10305.0,,,1.514005,0.112127,0.057158,1.68329,1.514005,1.514005,1,,270000.0,,57113.0,EW
2025-09-01,45017.0,2450.0,230.0,2.0,435.0,6814.0,,,1.519277,0.112239,0.057199,1.688715,1.519277,1.519277,1,,270000.0,,47699.0,EW
2025-10-01,47792.0,2671.0,86.0,,278.0,4161.0,,,1.521701,0.112285,0.05724,1.691226,1.521701,1.521701,1,,270000.0,,50549.0,EW
