geo,period,tx_existing_wales,tx_existing_england,tx_newbuild_wales,tx_newbuild_england,tx_total,mb_bs_gbp_m,mb_banks_gbp_m,mb_bs_plus_banks_gbp_m,mb_bs_plus_banks_spliced_gbp_m,mb_specialist_gbp_m,mb_other_gbp_m,mb_total_gbp_m,avg_house_price_gbp,months_with_tx,tx_newbuild_total,newbuild_share_of_transactions,all_dwellings_n,turnover_pct_q,price_yoy,mb_yoy,tx_yoy,turnover_pct_q_lag1q,turnover_pct_q_lag2q,turnover_pct_q_lag4q,turnover_pct_q_lag8q,newbuild_share_of_transactions_lag1q,newbuild_share_of_transactions_lag2q,newbuild_share_of_transactions_lag4q,newbuild_share_of_transactions_lag8q,tx_total_lag1q,tx_total_lag2q,tx_total_lag4q,tx_total_lag8q,avg_house_price_gbp_lag1q,avg_house_price_gbp_lag2q,avg_house_price_gbp_lag4q,avg_house_price_gbp_lag8q,mb_total_gbp_m_lag1q,mb_total_gbp_m_lag2q,mb_total_gbp_m_lag4q,mb_total_gbp_m_lag8q,price_yoy_lag1q,price_yoy_lag2q,price_yoy_lag4q,price_yoy_lag8q,mb_yoy_lag1q,mb_yoy_lag2q,mb_yoy_lag4q,mb_yoy_lag8q,tx_yoy_lag1q,tx_yoy_lag2q,tx_yoy_lag4q,tx_yoy_lag8q,y_turnover_change_8q,y_price_change_8q,y_price_pct_8q,y_mb_pct_8q,y_turnover_change_12q,y_price_change_12q,y_price_pct_12q,y_mb_pct_12q
EW,1999Q1,7813.0,184766.0,966.0,21334.0,214879.0,0.10844,0.314914,,0.423354,0.029722,0.002295,0.423354,71122.0,3,22300.0,0.10377933627762602,20927000.0,0.010268026950829073,,,,,,,,,,,,,,,,,,,,,,,,,,,,,,,,,,,,0.0007225893551076456,17677.0,0.24854475408453092,0.15342951761410073,0.002150676804907558,35285.0,0.4961193442254155,0.24736508926335876
EW,1999Q2,10132.0,248486.0,1389.0,30708.0,290715.0,0.108537,0.323053,,0.43159,0.030678,0.002284,0.43159,71122.0,3,32097.0,0.11040709973685568,20927000.0,0.01389186218760453,,,,0.010268026950829073,,,,0.10377933627762602,,,,214879.0,,,,71122.0,,,,0.423354,,,,,,,,,,,,,,,,0.0010167528923219083,17677.0,0.24854475408453092,0.15479969415417427,0.0026647548396503164,35285.0,0.4961193442254155,0.25766352325123365
EW,1999Q3,12401.0,300972.0,1415.0,29423.0,344211.0,0.111658,0.330337,,0.44199499999999997,0.031772,0.002139,0.44199499999999997,71122.0,3,30838.0,0.08959039658813925,20927000.0,0.016448176996224972,,,,0.01389186218760453,0.010268026950829073,,,0.11040709973685568,0.10377933627762602,,,290715.0,214879.0,,,71122.0,71122.0,,,0.43159,0.423354,,,,,,,,,,,,,,,0.00020429624374296296,17677.0,0.24854475408453092,0.15027771807373402,0.0011149025204932085,35285.0,0.4961193442254155,0.2669396712632499
EW,1999Q4,12529.0,280823.0,1716.0,32916.0,327984.0,0.113497,0.335449,,0.448946,0.034692,0.001488,0.448946,71122.0,3,34632.0,0.10559051661056637,20927000.0,0.015672767238495724,,,,0.016448176996224972,0.01389186218760453,,,0.08959039658813925,0.11040709973685568,,,344211.0,290715.0,,,71122.0,71122.0,,,0.44199499999999997,0.43159,,,,,,,,,,,,,,,-0.00036989554518691153,17677.0,0.24854475408453092,0.15370668187265268,6.067848595871228e-05,35285.0,0.4961193442254155,0.2813500955571495
EW,2000Q1,9888.0,212432.0,1333.0,24317.0,247970.0,0.115028,0.340693,,0.45572100000000004,0.03651,0.001843,0.45572100000000004,80366.0,3,25650.0,0.10343993224986893,21075000.0,0.011766073546856465,0.12997384775456267,0.07645374792726667,0.1539982967158262,0.015672767238495724,0.016448176996224972,0.010268026950829073,,0.10559051661056637,0.08959039658813925,0.10377933627762602,,327984.0,344211.0,214879.0,,71122.0,71122.0,71122.0,,0.448946,0.44199499999999997,0.423354,,,,,,,,,,,,,,0.0006526302088801662,26041.0,0.3240300624642263,0.15877258234753278,-0.00022970019121104114,46880.0,0.583331259487843,0.2760460896030683
EW,2000Q2,12392.0,254940.0,1734.0,31507.0,300573.0,0.117186,0.347576,,0.464762,0.038457,0.001862,0.464762,80366.0,3,33241.0,0.1105921024177155,21075000.0,0.014262064056939501,0.12997384775456267,0.07685998285409767,0.03390949899385998,0.011766073546856465,0.015672767238495724,0.01389186218760453,,0.10343993224986893,0.10559051661056637,0.11040709973685568,,247970.0,327984.0,290715.0,,80366.0,71122.0,71122.0,,0.45572100000000004,0.448946,0.43159,,0.12997384775456267,,,,0.07645374792726667,,,,0.1539982967158262,,,,0.0022945529703153455,26041.0,0.3240300624642263,0.16789883854531973,-0.0010304831523701707,46880.0,0.583331259487843,0.28461879413549296
EW,2000Q3,12987.0,252089.0,1452.0,25805.0,292333.0,0.119719,0.350678,,0.470397,0.043386,0.001907,0.470397,80366.0,3,27257.0,0.09323955899607639,21075000.0,0.013871079478054568,0.12997384775456267,0.06425864545979043,-0.15071569473375346,0.014262064056939501,0.011766073546856465,0.016448176996224972,,0.1105921024177155,0.10343993224986893,0.08959039658813925,,300573.0,247970.0,344211.0,,80366.0,80366.0,71122.0,,0.464762,0.45572100000000004,0.44199499999999997,,0.12997384775456267,0.12997384775456267,,,0.07685998285409767,0.07645374792726667,,,0.03390949899385998,0.1539982967158262,,,0.003692000038663613,26041.0,0.3240300624642263,0.19044339143319378,0.0018030245520667555,46880.0,0.583331259487843,0.3120789460817137
EW,2000Q4,11683.0,228318.0,1614.0,28913.0,270528.0,0.121636,0.351686,,0.473322,0.04738,0.001927,0.473322,80366.0,3,30527.0,0.11284229358883369,21075000.0,0.01283644128113879,0.12997384775456267,0.0542960623326636,-0.17517927703790426,0.013871079478054568,0.014262064056939501,0.015672767238495724,,0.09323955899607639,0.1105921024177155,0.10559051661056637,,292333.0,300573.0,327984.0,,80366.0,80366.0,71122.0,,0.470397,0.464762,0.448946,,0.12997384775456267,0.12997384775456267,,,0.06425864545979043,0.07685998285409767,,,-0.15071569473375346,0.03390949899385998,,,0.0028970044433156462,26041.0,0.3240300624642263,0.21536079032878241,0.004209437954672116,46880.0,0.583331259487843,0.34265257055450626
EW,2001Q1,9763.0,200752.0,1085.0,21478.0,233078.0,0.109259,0.37905,,0.488309,0.044338,0.00204,0.488309,88799.0,3,22563.0,0.09680450321351651,21207000.0,0.010990616305936719,0.10493243411392883,0.07150866429240677,-0.06005565189337425,0.01283644128113879,0.013871079478054568,0.011766073546856465,0.010268026950829073,0.11284229358883369,0.09323955899607639,0.10343993224986893,0.10377933627762602,270528.0,292333.0,247970.0,214879.0,80366.0,80366.0,80366.0,71122.0,0.473322,0.470397,0.45572100000000004,0.423354,0.12997384775456267,0.12997384775456267,0.12997384775456267,,0.0542960623326636,0.06425864545979043,0.07645374792726667,,-0.17517927703790426,-0.15071569473375346,0.1539982967158262,,0.000545757049708705,38447.0,0.43296658746157046,0.19088732749140402,0.002258968641489955,59859.0,0.6740954290025789,0.32642445664527986
EW,2001Q2,12904.0,269946.0,1782.0,31535.0,316167.0,0.110846,0.387554,,0.4984,0.047825,0.002062,0.4984,88799.0,3,33317.0,0.10537785410874632,21207000.0,0.014908615079926439,0.10493243411392883,0.07237682943097767,0.05188090746673857,0.010990616305936719,0.01283644128113879,0.014262064056939501,0.01389186218760453,0.09680450321351651,0.11284229358883369,0.1105921024177155,0.11040709973685568,233078.0,270528.0,300573.0,290715.0,88799.0,80366.0,80366.0,71122.0,0.488309,0.473322,0.464762,0.43159,0.10493243411392883,0.12997384775456267,0.12997384775456267,,0.07150866429240677,0.0542960623326636,0.07685998285409767,,-0.06005565189337425,-0.17517927703790426,0.03390949899385998,,-0.0016770341753571082,38447.0,0.43296658746157046,0.1979173354735151,0.0014546481556389542,59859.0,0.6740954290025789,0.33162720706260007
EW,2001Q3,15271.0,309313.0,1533.0,27032.0,353149.0,0.111918,0.396499,,0.508417,0.053411,0.002032,0.508417,88799.0,3,28565.0,0.08088653797688794,21207000.0,0.016652473239967935,0.10493243411392883,0.08082534539973674,0.20803672524141992,0.014908615079926439,0.010990616305936719,0.013871079478054568,0.016448176996224972,0.10537785410874632,0.09680450321351651,0.09323955899607639,0.08959039658813925,316167.0,233078.0,292333.0,344211.0,88799.0,88799.0,80366.0,71122.0,0.4984,0.488309,0.470397,0.44199499999999997,0.10493243411392883,0.10493243411392883,0.12997384775456267,,0.07237682943097767,0.07150866429240677,0.06425864545979043,,0.05188090746673857,-0.06005565189337425,-0.15071569473375346,,-0.000978369209846612,38447.0,0.43296658746157046,0.21396019409264433,-0.0007318866323309664,59859.0,0.6740954290025789,0.3159709451100179
EW,2001Q4,14598.0,277055.0,1819.0,31056.0,324528.0,0.113413,0.404539,,0.517952,0.057234,0.002058,0.517952,88799.0,3,32875.0,0.10130096632648031,21207000.0,0.015302871693308812,0.10493243411392883,0.0942909900659592,0.1996096522356281,0.016652473239967935,0.014908615079926439,0.01283644128113879,0.015672767238495724,0.08088653797688794,0.10537785410874632,0.11284229358883369,0.10559051661056637,353149.0,316167.0,270528.0,327984.0,88799.0,88799.0,80366.0,71122.0,0.508417,0.4984,0.473322,0.448946,0.10493243411392883,0.10493243411392883,0.12997384775456267,,0.08082534539973674,0.07237682943097767,0.0542960623326636,,0.20803672524141992,0.05188090746673857,-0.17517927703790426,,0.0017430075425020931,38447.0,0.43296658746157046,0.22696118559248757,-0.0032067639641075573,59859.0,0.6740954290025789,0.32148345792660327
EW,2002Q1,12229.0,228917.0,1323.0,22720.0,265189.0,0.114965,0.413112,,0.528077,0.061161,0.002308,0.528077,106407.0,3,24043.0,0.09066363989456576,21354000.0,0.012418703755736631,0.1982905212896542,0.08144023558853108,0.1377693304387373,0.015302871693308812,0.016652473239967935,0.010990616305936719,0.011766073546856465,0.10130096632648031,0.08088653797688794,0.09680450321351651,0.10343993224986893,324528.0,353149.0,233078.0,247970.0,88799.0,88799.0,88799.0,80366.0,0.517952,0.508417,0.488309,0.45572100000000004,0.10493243411392883,0.10493243411392883,0.10493243411392883,0.12997384775456267,0.0942909900659592,0.08082534539973674,0.07150866429240677,0.07645374792726667,0.1996096522356281,0.20803672524141992,-0.06005565189337425,0.1539982967158262,0.0008308811916900426,42251.0,0.397069741652335,0.22653514544280462,-0.003948013312206681,49918.0,0.4691232719651903,0.29588866775110434
EW,2002Q2,15670.0,302621.0,1794.0,33465.0,353550.0,0.117944,0.424851,,0.5427949999999999,0.065731,0.002231,0.5427949999999999,106407.0,3,35259.0,0.09972846839202376,21354000.0,0.016556617027254847,0.1982905212896542,0.08907504012841083,0.11823814629610307,0.012418703755736631,0.015302871693308812,0.014908615079926439,0.014262064056939501,0.09066363989456576,0.10130096632648031,0.10537785410874632,0.1105921024177155,265189.0,324528.0,316167.0,300573.0,106407.0,88799.0,88799.0,80366.0,0.528077,0.517952,0.4984,0.464762,0.1982905212896542,0.10493243411392883,0.10493243411392883,0.12997384775456267,0.08144023558853108,0.0942909900659592,0.07237682943097767,0.07685998285409767,0.1377693304387373,0.1996096522356281,0.05188090746673857,0.03390949899385998,-0.00019335379168945385,42251.0,0.397069741652335,0.2227139159351137,-0.004530279578695177,49918.0,0.4691232719651903,0.2765648172882953
EW,2002Q3,16479.0,327378.0,1674.0,29511.0,375042.0,0.12106,0.438921,,0.5599810000000001,0.075212,0.002046,0.5599810000000001,106407.0,3,31185.0,0.08315068712304222,21354000.0,0.01756307951671818,0.1982905212896542,0.10142068420214123,0.0619936627315949,0.016556617027254847,0.012418703755736631,0.016652473239967935,0.013871079478054568,0.09972846839202376,0.09066363989456576,0.08088653797688794,0.09323955899607639,353550.0,265189.0,353149.0,292333.0,106407.0,106407.0,88799.0,80366.0,0.5427949999999999,0.528077,0.508417,0.470397,0.1982905212896542,0.1982905212896542,0.10493243411392883,0.12997384775456267,0.08907504012841083,0.08144023558853108,0.08082534539973674,0.06425864545979043,0.11823814629610307,0.1377693304387373,0.20803672524141992,-0.15071569473375346,-0.001642492909081212,42251.0,0.397069741652335,0.19479410908584383,-0.0037962756758402657,49918.0,0.4691232719651903,0.27073418562415497
EW,2002Q4,15235.0,285240.0,1692.0,33805.0,335972.0,0.123638,0.451619,,0.575257,0.081834,0.002099,0.575257,106407.0,3,35497.0,0.10565463788649054,21354000.0,0.015733445724454436,0.1982905212896542,0.1106376652662795,0.03526352117536846,0.01756307951671818,0.016556617027254847,0.015302871693308812,0.01283644128113879,0.08315068712304222,0.09972846839202376,0.10130096632648031,0.11284229358883369,375042.0,353550.0,324528.0,270528.0,106407.0,106407.0,88799.0,80366.0,0.5599810000000001,0.5427949999999999,0.517952,0.473322,0.1982905212896542,0.1982905212896542,0.10493243411392883,0.12997384775456267,0.10142068420214123,0.08907504012841083,0.0942909900659592,0.0542960623326636,0.0619936627315949,0.11823814629610307,0.1996096522356281,-0.17517927703790426,-0.003637337995253181,42251.0,0.397069741652335,0.18984210535465018,-0.002215338728569662,49918.0,0.4691232719651903,0.26144662298763865
EW,2003Q1,11333.0,214669.0,1154.0,21026.0,248182.0,0.127,0.454521,,0.581521,0.095128,0.002285,0.581521,127246.0,3,22180.0,0.0893698978975107,21513000.0,0.011536373355645424,0.19584237879086897,0.10120493791625074,-0.0641316193356436,0.015733445724454436,0.01756307951671818,0.012418703755736631,0.010990616305936719,0.10565463788649054,0.08315068712304222,0.09066363989456576,0.09680450321351651,335972.0,375042.0,265189.0,233078.0,106407.0,106407.0,106407.0,88799.0,0.575257,0.5599810000000001,0.528077,0.488309,0.1982905212896542,0.1982905212896542,0.1982905212896542,0.10493243411392883,0.1106376652662795,0.10142068420214123,0.08144023558853108,0.07150866429240677,0.03526352117536846,0.0619936627315949,0.1377693304387373,-0.06005565189337425,-0.0030656829121154736,29079.0,0.22852584757084693,0.17679155180982287,0.00022677619357760852,39224.0,0.3082533046225422,0.2422749995271023
EW,2003Q2,13707.0,238948.0,1727.0,30269.0,284651.0,0.131696,0.465346,,0.597042,0.101981,0.002356,0.597042,127246.0,3,31996.0,0.1124043126495252,21513000.0,0.01323158090456933,0.19584237879086897,0.09994012472480418,-0.1948776693536982,0.011536373355645424,0.015733445724454436,0.016556617027254847,0.014908615079926439,0.0893698978975107,0.10565463788649054,0.09972846839202376,0.10537785410874632,248182.0,335972.0,353550.0,316167.0,127246.0,106407.0,106407.0,88799.0,0.581521,0.575257,0.5427949999999999,0.4984,0.19584237879086897,0.1982905212896542,0.1982905212896542,0.10493243411392883,0.10120493791625074,0.1106376652662795,0.08907504012841083,0.07237682943097767,-0.0641316193356436,0.03526352117536846,0.11823814629610307,0.05188090746673857,-0.0012052434560096605,29079.0,0.22852584757084693,0.160576642849247,0.0016104432878829861,39224.0,0.3082533046225422,0.23692805531269134
EW,2003Q3,15714.0,293093.0,1284.0,27106.0,337197.0,0.136395,0.480803,,0.6171979999999999,0.109324,0.002423,0.6171979999999999,127246.0,3,28390.0,0.08419410611600933,21513000.0,0.015674104030121323,0.19584237879086897,0.10217668099453348,-0.10090869822579873,0.01323158090456933,0.011536373355645424,0.01756307951671818,0.016652473239967935,0.1124043126495252,0.0893698978975107,0.08315068712304222,0.08088653797688794,284651.0,248182.0,375042.0,353149.0,127246.0,127246.0,106407.0,88799.0,0.597042,0.581521,0.5599810000000001,0.508417,0.19584237879086897,0.19584237879086897,0.1982905212896542,0.10493243411392883,0.09994012472480418,0.10120493791625074,0.10142068420214123,0.08082534539973674,-0.1948776693536982,-0.0641316193356436,0.0619936627315949,0.20803672524141992,-0.001907300189243408,29079.0,0.22852584757084693,0.15293147417846464,0.0006797672152916261,39224.0,0.3082533046225422,0.22642166695290666
EW,2003Q4,16805.0,310478.0,1859.0,37566.0,366708.0,0.142312,0.493195,,0.635507,0.118737,0.002494,0.635507,127246.0,3,39425.0,0.10751060789511001,21513000.0,0.017045879235810905,0.19584237879086897,0.10473579634841479,0.09148381412736772,0.015674104030121323,0.01323158090456933,0.015733445724454436,0.015302871693308812,0.08419410611600933,0.1124043126495252,0.10565463788649054,0.10130096632648031,337197.0,284651.0,335972.0,324528.0,127246.0,127246.0,106407.0,88799.0,0.6171979999999999,0.597042,0.575257,0.517952,0.19584237879086897,0.19584237879086897,0.1982905212896542,0.10493243411392883,0.10217668099453348,0.09994012472480418,0.1106376652662795,0.0942909900659592,-0.10090869822579873,-0.1948776693536982,0.03526352117536846,0.1996096522356281,-0.0035277722399261312,29079.0,0.22852584757084693,0.14185366958979206,-0.0007407100245573374,39224.0,0.3082533046225422,0.210073217132148
EW,2004Q1,12459.0,250404.0,1294.0,23147.0,287304.0,0.146933,0.500772,,0.647705,0.130994,0.002436,0.647705,148658.0,3,24441.0,0.08507016957647648,21684000.0,0.013249584947426674,0.16827248007795914,0.11381188297585121,0.15763431675141626,0.017045879235810905,0.015674104030121323,0.011536373355645424,0.012418703755736631,0.10751060789511001,0.08419410611600933,0.0893698978975107,0.09066363989456576,366708.0,337197.0,248182.0,265189.0,127246.0,127246.0,127246.0,106407.0,0.635507,0.6171979999999999,0.581521,0.528077,0.19584237879086897,0.19584237879086897,0.19584237879086897,0.1982905212896542,0.10473579634841479,0.10217668099453348,0.10120493791625074,0.08144023558853108,0.09148381412736772,-0.10090869822579873,-0.0641316193356436,0.1377693304387373,-0.0014864353982036414,17812.0,0.11981864413620524,0.11533645718343988,-0.0004561086373046346,32706.0,0.2200083412934386,0.19511197227132726
EW,2004Q2,15216.0,303908.0,1519.0,34178.0,354821.0,0.15138,0.512303,,0.6636829999999999,0.141697,0.002503,0.6636829999999999,148658.0,3,35697.0,0.10060565750054253,21684000.0,0.016363263235565393,0.16827248007795914,0.11161861309589605,0.24651239588127205,0.013249584947426674,0.017045879235810905,0.01323158090456933,0.016556617027254847,0.08507016957647648,0.10751060789511001,0.1124043126495252,0.09972846839202376,287304.0,366708.0,284651.0,353550.0,148658.0,127246.0,127246.0,106407.0,0.647705,0.635507,0.597042,0.5427949999999999,0.16827248007795914,0.19584237879086897,0.19584237879086897,0.1982905212896542,0.11381188297585121,0.10473579634841479,0.09994012472480418,0.08907504012841083,0.15763431675141626,0.09148381412736772,-0.1948776693536982,0.11823814629610307,-0.0015212390431130762,17812.0,0.11981864413620524,0.11272700973205585,-0.0014244620869652488,32706.0,0.2200083412934386,0.17296209184203915
EW,2004Q3,13848.0,302377.0,1401.0,27596.0,345222.0,0.157087,0.511975,,0.6690619999999999,0.163469,0.002504,0.6690619999999999,148658.0,3,28997.0,0.08399522626020357,21684000.0,0.01592058660763697,0.16827248007795914,0.08403138052942505,0.023799144120499216,0.016363263235565393,0.013249584947426674,0.015674104030121323,0.01756307951671818,0.10060565750054253,0.08507016957647648,0.08419410611600933,0.08315068712304222,354821.0,287304.0,337197.0,375042.0,148658.0,148658.0,127246.0,106407.0,0.6636829999999999,0.647705,0.6171979999999999,0.5599810000000001,0.16827248007795914,0.16827248007795914,0.19584237879086897,0.1982905212896542,0.11161861309589605,0.11381188297585121,0.10217668099453348,0.10142068420214123,0.24651239588127205,0.15763431675141626,-0.10090869822579873,0.0619936627315949,0.0004332846377759804,17812.0,0.11981864413620524,0.13135255028681958,-0.00039321761984084484,32706.0,0.2200083412934386,0.1808756139191885
EW,2004Q4,10035.0,218544.0,1556.0,32157.0,262292.0,0.160116,0.524349,,0.684465,0.171805,0.002502,0.684465,148658.0,3,33713.0,0.12853232275479237,21684000.0,0.012096107729201255,0.16827248007795914,0.07703770375463992,-0.284738811261276,0.01592058660763697,0.016363263235565393,0.017045879235810905,0.015733445724454436,0.08399522626020357,0.10060565750054253,0.10751060789511001,0.10565463788649054,345222.0,354821.0,366708.0,335972.0,148658.0,148658.0,127246.0,106407.0,0.6690619999999999,0.6636829999999999,0.635507,0.575257,0.16827248007795914,0.16827248007795914,0.19584237879086897,0.1982905212896542,0.08403138052942505,0.11161861309589605,0.10473579634841479,0.1106376652662795,0.023799144120499216,0.24651239588127205,0.09148381412736772,0.03526352117536846,0.004209061482052313,17812.0,0.11981864413620524,0.12351982935577421,0.0009681869585230814,32706.0,0.2200083412934386,0.16726348315837924
EW,2005Q1,7544.0,156272.0,880.0,20558.0,185254.0,0.162384,0.521945,,0.684329,0.186697,0.002521,0.684329,156325.0,3,21438.0,0.11572219763136019,21870000.0,0.00847069044352995,0.05157475547901891,0.056544260118418066,-0.3551986745746666,0.012096107729201255,0.01592058660763697,0.013249584947426674,0.011536373355645424,0.12853232275479237,0.08399522626020357,0.08507016957647648,0.0893698978975107,262292.0,345222.0,287304.0,248182.0,148658.0,148658.0,148658.0,127246.0,0.684465,0.6690619999999999,0.647705,0.581521,0.16827248007795914,0.16827248007795914,0.16827248007795914,0.19584237879086897,0.07703770375463992,0.08403138052942505,0.11381188297585121,0.10120493791625074,-0.284738811261276,0.023799144120499216,0.15763431675141626,-0.0641316193356436,0.004322785866592089,25039.0,0.16017271709579406,0.1311518290179139,-0.0004573636255298611,12649.0,0.08091476091476091,0.19440210775811062
EW,2005Q2,10631.0,218610.0,1396.0,32379.0,263016.0,0.166163,0.52675,,0.6929130000000001,0.201289,0.002476,0.6929130000000001,156325.0,3,33775.0,0.12841424095872495,21870000.0,0.01202633744855967,0.05157475547901891,0.044042110465388085,-0.25873609510147366,0.00847069044352995,0.012096107729201255,0.016363263235565393,0.01323158090456933,0.11572219763136019,0.12853232275479237,0.10060565750054253,0.1124043126495252,185254.0,262292.0,354821.0,284651.0,156325.0,148658.0,148658.0,127246.0,0.684329,0.684465,0.6636829999999999,0.597042,0.05157475547901891,0.16827248007795914,0.16827248007795914,0.19584237879086897,0.056544260118418066,0.07703770375463992,0.11161861309589605,0.09994012472480418,-0.3551986745746666,-0.284738811261276,0.24651239588127205,-0.1948776693536982,0.002912463700040474,25039.0,0.16017271709579406,0.1234815914840679,-0.003591083572676769,12649.0,0.08091476091476091,0.18315863607696747
EW,2005Q3,12087.0,259094.0,1285.0,28614.0,301080.0,0.170458,0.541129,,0.711587,0.206359,0.002453,0.711587,156325.0,3,29899.0,0.09930583233692042,21870000.0,0.013766803840877915,0.05157475547901891,0.06355913203858532,-0.12786554738689881,0.01202633744855967,0.00847069044352995,0.01592058660763697,0.015674104030121323,0.12841424095872495,0.11572219763136019,0.08399522626020357,0.08419410611600933,263016.0,185254.0,345222.0,337197.0,156325.0,156325.0,148658.0,127246.0,0.6929130000000001,0.684329,0.6690619999999999,0.6171979999999999,0.05157475547901891,0.05157475547901891,0.16827248007795914,0.19584237879086897,0.044042110465388085,0.056544260118418066,0.08403138052942505,0.10217668099453348,-0.25873609510147366,-0.3551986745746666,0.023799144120499216,-0.10090869822579873,0.001760565146918209,25039.0,0.16017271709579406,0.11030555645339213,-0.0073255973196216405,12649.0,0.08091476091476091,0.1205755585754098
EW,2005Q4,11826.0,246527.0,1510.0,35778.0,295641.0,0.173205,0.552451,,0.7256560000000001,0.215662,0.002356,0.7256560000000001,156325.0,3,37288.0,0.12612594328932725,21870000.0,0.013518106995884774,0.05157475547901891,0.06017984849480995,0.12714455644853828,0.013766803840877915,0.01202633744855967,0.012096107729201255,0.017045879235810905,0.09930583233692042,0.12841424095872495,0.12853232275479237,0.10751060789511001,301080.0,263016.0,262292.0,366708.0,156325.0,156325.0,148658.0,127246.0,0.711587,0.6929130000000001,0.684465,0.635507,0.05157475547901891,0.05157475547901891,0.16827248007795914,0.19584237879086897,0.06355913203858532,0.044042110465388085,0.07703770375463992,0.10473579634841479,-0.12786554738689881,-0.25873609510147366,-0.284738811261276,0.09148381412736772,-0.00045381230816043776,25039.0,0.16017271709579406,0.1010051594695005,-0.00805890927032838,12649.0,0.08091476091476091,0.04754318850805328
EW,2006Q1,10354.0,221207.0,1104.0,26983.0,259648.0,0.175812,0.546597,,0.722409,0.239323,0.002362,0.722409,166470.0,3,28087.0,0.1081733731821543,22073000.0,0.011763149549223032,0.06489684951223418,0.055645749339864325,0.40157837347641623,0.013518106995884774,0.013766803840877915,0.00847069044352995,0.013249584947426674,0.12612594328932725,0.09930583233692042,0.11572219763136019,0.08507016957647648,295641.0,301080.0,185254.0,287304.0,156325.0,156325.0,156325.0,148658.0,0.7256560000000001,0.711587,0.684329,0.647705,0.05157475547901891,0.05157475547901891,0.05157475547901891,0.16827248007795914,0.06017984849480995,0.06355913203858532,0.056544260118418066,0.11381188297585121,0.12714455644853828,-0.12786554738689881,-0.3551986745746666,0.15763431675141626,-0.003749822731222943,2504.0,0.01504174926413171,0.1314421608811629,-0.007719217232311073,-9958.0,-0.059818585931399104,0.05842812035841205
EW,2006Q2,12986.0,275877.0,1558.0,37187.0,327608.0,0.180494,0.558004,,0.7384979999999999,0.249294,0.002285,0.7384979999999999,166470.0,3,38745.0,0.11826634270225392,22073000.0,0.014842024192452317,0.06489684951223418,0.06578747981348276,0.24558201782401068,0.011763149549223032,0.013518106995884774,0.01202633744855967,0.016363263235565393,0.1081733731821543,0.12612594328932725,0.12841424095872495,0.10060565750054253,259648.0,295641.0,263016.0,354821.0,166470.0,156325.0,156325.0,148658.0,0.722409,0.7256560000000001,0.6929130000000001,0.6636829999999999,0.06489684951223418,0.05157475547901891,0.05157475547901891,0.16827248007795914,0.055645749339864325,0.06017984849480995,0.044042110465388085,0.11161861309589605,0.40157837347641623,0.12714455644853828,-0.25873609510147366,0.24651239588127205,-0.006406770316569416,2504.0,0.01504174926413171,0.11012622918410075,-0.008720934917754159,-9958.0,-0.059818585931399104,0.16483456962645815
EW,2006Q3,14849.0,314927.0,1216.0,29987.0,360979.0,0.186437,0.570508,,0.756945,0.263189,0.00243,0.756945,166470.0,3,31203.0,0.08643993140875231,22073000.0,0.01635387124541295,0.06489684951223418,0.06374203013826851,0.19894712368805623,0.014842024192452317,0.011763149549223032,0.013766803840877915,0.01592058660763697,0.11826634270225392,0.1081733731821543,0.09930583233692042,0.08399522626020357,327608.0,259648.0,301080.0,345222.0,166470.0,166470.0,156325.0,148658.0,0.7384979999999999,0.722409,0.711587,0.6690619999999999,0.06489684951223418,0.06489684951223418,0.05157475547901891,0.16827248007795914,0.06578747981348276,0.055645749339864325,0.06355913203858532,0.08403138052942505,0.24558201782401068,0.40157837347641623,-0.12786554738689881,0.023799144120499216,-0.009912664724156674,2504.0,0.01504174926413171,0.05342792408959718,-0.008396437562501167,-9958.0,-0.059818585931399104,0.14452040769144392
EW,2006Q4,15458.0,306420.0,1534.0,36492.0,359904.0,0.189686,0.579324,,0.76901,0.280825,0.002454,0.76901,166470.0,3,38026.0,0.10565595269849738,22073000.0,0.016305169211253568,0.06489684951223418,0.05974456216168522,0.21736836230428125,0.01635387124541295,0.014842024192452317,0.013518106995884774,0.012096107729201255,0.08643993140875231,0.11826634270225392,0.12612594328932725,0.12853232275479237,360979.0,327608.0,295641.0,262292.0,166470.0,166470.0,156325.0,148658.0,0.756945,0.7384979999999999,0.7256560000000001,0.684465,0.06489684951223418,0.06489684951223418,0.05157475547901891,0.16827248007795914,0.06374203013826851,0.06578747981348276,0.06017984849480995,0.07703770375463992,0.19894712368805623,0.24558201782401068,0.12714455644853828,-0.284738811261276,-0.010845971485697173,2504.0,0.01504174926413171,-0.011513504375755712,-0.007223517673402154,-9958.0,-0.059818585931399104,0.14473153795139204
EW,2007Q1,11797.0,249374.0,810.0,23160.0,285141.0,0.194442,0.579638,,0.77408,0.297116,0.002565,0.77408,181364.0,3,23970.0,0.08406367376140225,22288000.0,0.012793476310122039,0.08946957409743495,0.07152596382381726,0.09818292457480893,0.016305169211253568,0.01635387124541295,0.011763149549223032,0.00847069044352995,0.10565595269849738,0.08643993140875231,0.1081733731821543,0.11572219763136019,359904.0,360979.0,259648.0,185254.0,166470.0,166470.0,166470.0,156325.0,0.76901,0.756945,0.722409,0.684329,0.06489684951223418,0.06489684951223418,0.06489684951223418,0.05157475547901891,0.05974456216168522,0.06374203013826851,0.055645749339864325,0.056544260118418066,0.21736836230428125,0.19894712368805623,0.40157837347641623,-0.3551986745746666,-0.008749543993210079,-24852.0,-0.1370282966851194,-0.012223542786275243,-0.007099444172112494,-15881.0,-0.08756423546017955,0.322951116163704
EW,2007Q2,14425.0,287454.0,975.0,30102.0,332956.0,0.198163,0.580312,,0.778475,0.321025,0.002601,0.778475,181364.0,3,31077.0,0.09333665709583248,22288000.0,0.014938801148600144,0.08946957409743495,0.054132848023962454,0.016324387682840502,0.012793476310122039,0.016305169211253568,0.014842024192452317,0.01202633744855967,0.08406367376140225,0.10565595269849738,0.11826634270225392,0.12841424095872495,285141.0,359904.0,327608.0,263016.0,181364.0,166470.0,166470.0,156325.0,0.77408,0.76901,0.7384979999999999,0.6929130000000001,0.08946957409743495,0.06489684951223418,0.06489684951223418,0.05157475547901891,0.07152596382381726,0.05974456216168522,0.06578747981348276,0.044042110465388085,0.09818292457480893,0.21736836230428125,0.24558201782401068,-0.25873609510147366,-0.008817711873901986,-24852.0,-0.1370282966851194,0.10501685988631615,-0.007600870416081207,-15881.0,-0.08756423546017955,0.3197944699572881
EW,2007Q3,14930.0,310401.0,567.0,20176.0,346074.0,0.20005,0.590029,,0.790079,0.343705,0.00282,0.790079,181364.0,3,20743.0,0.05993804793194519,22288000.0,0.015527368987796124,0.08946957409743495,0.0437733256709536,-0.04129049058255463,0.014938801148600144,0.012793476310122039,0.01635387124541295,0.013766803840877915,0.09333665709583248,0.08406367376140225,0.08643993140875231,0.09930583233692042,332956.0,285141.0,360979.0,301080.0,181364.0,181364.0,166470.0,156325.0,0.778475,0.77408,0.756945,0.711587,0.08946957409743495,0.08946957409743495,0.06489684951223418,0.05157475547901891,0.054132848023962454,0.07152596382381726,0.06374203013826851,0.06355913203858532,0.016324387682840502,0.09818292457480893,0.19894712368805623,-0.12786554738689881,-0.007569935304884342,-24852.0,-0.1370282966851194,0.09652199337028322,-0.00734163406069774,-15881.0,-0.08756423546017955,0.271119723470691
EW,2007Q4,12775.0,253482.0,887.0,24033.0,291177.0,0.202665,0.596286,,0.798951,0.354553,0.002973,0.798951,181364.0,3,24920.0,0.08558368277714243,22288000.0,0.013064294687724336,0.08946957409743495,0.03893447419409379,-0.19095925580154705,0.015527368987796124,0.014938801148600144,0.016305169211253568,0.013518106995884774,0.05993804793194519,0.09333665709583248,0.10565595269849738,0.12612594328932725,346074.0,332956.0,359904.0,295641.0,181364.0,181364.0,166470.0,156325.0,0.790079,0.778475,0.76901,0.7256560000000001,0.08946957409743495,0.08946957409743495,0.06489684951223418,0.05157475547901891,0.0437733256709536,0.054132848023962454,0.05974456216168522,0.06017984849480995,-0.04129049058255463,0.016324387682840502,0.21736836230428125,0.12714455644853828,-0.003982643149872922,-24852.0,-0.1370282966851194,0.10183227757396907,-0.005516503628571133,-15881.0,-0.08756423546017955,0.2602224667094728
EW,2008Q1,7611.0,157306.0,530.0,14941.0,180388.0,0.206855,0.610509,,0.817364,0.341343,0.003566,0.817364,168974.0,3,15471.0,0.08576512850078719,22511000.0,0.008013326818000089,-0.06831565249994487,0.05591670111616365,-0.36737263318849267,0.013064294687724336,0.015527368987796124,0.012793476310122039,0.011763149549223032,0.08558368277714243,0.05993804793194519,0.08406367376140225,0.1081733731821543,291177.0,346074.0,285141.0,259648.0,181364.0,181364.0,181364.0,166470.0,0.798951,0.790079,0.77408,0.722409,0.08946957409743495,0.08946957409743495,0.08946957409743495,0.06489684951223418,0.03893447419409379,0.0437733256709536,0.07152596382381726,0.055645749339864325,-0.19095925580154705,-0.04129049058255463,0.09818292457480893,0.40157837347641623,-0.0023192946799905443,-3491.0,-0.020659983192680476,0.25289344771729616,-0.002604726539448557,-3843.0,-0.022743143915632036,0.23219520311635944
EW,2008Q2,8327.0,156776.0,1093.0,23690.0,189886.0,0.207116,0.61271,,0.8198259999999999,0.350983,0.003813,0.8198259999999999,168974.0,3,24783.0,0.13051515119598076,22511000.0,0.008435253875882901,-0.06831565249994487,0.053117954976074966,-0.4296964163433006,0.008013326818000089,0.013064294687724336,0.014938801148600144,0.014842024192452317,0.08576512850078719,0.08558368277714243,0.09333665709583248,0.11826634270225392,180388.0,291177.0,332956.0,327608.0,168974.0,181364.0,181364.0,166470.0,0.817364,0.798951,0.778475,0.7384979999999999,-0.06831565249994487,0.08946957409743495,0.08946957409743495,0.06489684951223418,0.05591670111616365,0.03893447419409379,0.054132848023962454,0.06578747981348276,-0.36737263318849267,-0.19095925580154705,0.016324387682840502,0.24558201782401068,-0.0010973231433639638,-3491.0,-0.020659983192680476,0.25322568447451044,-0.0015609067310361048,-3843.0,-0.022743143915632036,0.2315052218397562
EW,2008Q3,6099.0,122432.0,672.0,15795.0,144998.0,0.207246,0.590141,,0.7973870000000001,0.382236,0.004038,0.7973870000000001,168974.0,3,16467.0,0.11356708368391288,22511000.0,0.006441206521256275,-0.06831565249994487,0.009249707940598428,-0.5810202442252235,0.008435253875882901,0.008013326818000089,0.015527368987796124,0.01635387124541295,0.13051515119598076,0.08576512850078719,0.05993804793194519,0.08643993140875231,189886.0,180388.0,346074.0,360979.0,168974.0,168974.0,181364.0,166470.0,0.8198259999999999,0.817364,0.790079,0.756945,-0.06831565249994487,-0.06831565249994487,0.08946957409743495,0.06489684951223418,0.053117954976074966,0.05591670111616365,0.0437733256709536,0.06374203013826851,-0.4296964163433006,-0.36737263318849267,-0.04129049058255463,0.19894712368805623,0.0017445284058421094,-3491.0,-0.020659983192680476,0.2594699938674696,0.001863850929997207,-3843.0,-0.022743143915632036,0.27155948115532347
EW,2008Q4,5303.0,98741.0,941.0,17907.0,122892.0,0.208345,0.551811,,0.760156,0.421024,0.004784,0.760156,168974.0,3,18848.0,0.1533704390847248,22511000.0,0.005459197725556394,-0.06831565249994487,-0.04855742091817883,-0.5779474340349684,0.006441206521256275,0.008435253875882901,0.013064294687724336,0.016305169211253568,0.11356708368391288,0.13051515119598076,0.08558368277714243,0.10565595269849738,144998.0,189886.0,291177.0,359904.0,168974.0,168974.0,181364.0,166470.0,0.7973870000000001,0.8198259999999999,0.798951,0.76901,-0.06831565249994487,-0.06831565249994487,0.08946957409743495,0.06489684951223418,0.009249707940598428,0.053117954976074966,0.03893447419409379,0.05974456216168522,-0.5810202442252235,-0.4296964163433006,-0.19095925580154705,0.21736836230428125,0.0020885933335968087,-3491.0,-0.020659983192680476,0.3245386473302847,0.002487442246588453,-3843.0,-0.022743143915632036,0.3356232141823521
EW,2009Q1,3672.0,76136.0,802.0,11163.0,91773.0,0.206065,0.558553,,0.764618,0.414749,0.005366,0.764618,156512.0,3,11965.0,0.13037603652490384,22694000.0,0.004043932316911959,-0.07375099127676443,-0.06453183648900607,-0.4912466461183671,0.005459197725556394,0.006441206521256275,0.008013326818000089,0.012793476310122039,0.1533704390847248,0.11356708368391288,0.08576512850078719,0.08406367376140225,122892.0,144998.0,180388.0,285141.0,168974.0,168974.0,168974.0,181364.0,0.760156,0.7973870000000001,0.817364,0.77408,-0.06831565249994487,-0.06831565249994487,-0.06831565249994487,0.08946957409743495,-0.04855742091817883,0.009249707940598428,0.05591670111616365,0.07152596382381726,-0.5779474340349684,-0.5810202442252235,-0.36737263318849267,0.09818292457480893,0.0013646679616395726,8619.0,0.05506925986505817,0.31719629932855353,0.0024710172741918435,7116.0,0.045466162338990035,0.3332592222521571
EW,2009Q2,5740.0,115378.0,1029.0,16765.0,138912.0,0.204751,0.655477,,0.860228,0.319552,0.005587,0.860228,156512.0,3,17794.0,0.12809548491131076,22694000.0,0.006121089274698158,-0.07375099127676443,0.04928118893521316,-0.2684452776929316,0.004043932316911959,0.005459197725556394,0.008435253875882901,0.014938801148600144,0.13037603652490384,0.1533704390847248,0.13051515119598076,0.09333665709583248,91773.0,122892.0,189886.0,332956.0,156512.0,168974.0,168974.0,181364.0,0.764618,0.760156,0.8198259999999999,0.778475,-0.07375099127676443,-0.06831565249994487,-0.06831565249994487,0.08946957409743495,-0.06453183648900607,-0.04855742091817883,0.053117954976074966,0.054132848023962454,-0.4912466461183671,-0.5779474340349684,-0.4296964163433006,0.016324387682840502,0.0007532578701486383,8619.0,0.05506925986505817,0.17366558633292573,0.000645991336266318,7116.0,0.045466162338990035,0.19670133964483827
EW,2009Q3,7315.0,157215.0,833.0,15223.0,180586.0,0.19145,0.674889,,0.866339,0.31693,0.005817,0.866339,156512.0,3,16056.0,0.08891054677549755,22694000.0,0.007957433682911783,-0.07375099127676443,0.0864724406091395,0.24543786810852564,0.006121089274698158,0.004043932316911959,0.006441206521256275,0.015527368987796124,0.12809548491131076,0.13037603652490384,0.11356708368391288,0.05993804793194519,138912.0,91773.0,144998.0,346074.0,156512.0,156512.0,168974.0,181364.0,0.860228,0.764618,0.7973870000000001,0.790079,-0.07375099127676443,-0.07375099127676443,-0.06831565249994487,0.08946957409743495,0.04928118893521316,-0.06453183648900607,0.009249707940598428,0.0437733256709536,-0.2684452776929316,-0.4912466461183671,-0.5810202442252235,-0.04129049058255463,0.0003476237683416993,8619.0,0.05506925986505817,0.17035594611347293,-0.00026114187381654635,7116.0,0.045466162338990035,0.1932488321546184
EW,2009Q4,8241.0,177479.0,925.0,19454.0,206099.0,0.189712,0.690598,,0.88031,0.305336,0.006838,0.88031,156512.0,3,20379.0,0.09887966462719373,22694000.0,0.009081651537851414,-0.07375099127676443,0.15806492351569945,0.6770741789538781,0.007957433682911783,0.006121089274698158,0.005459197725556394,0.013064294687724336,0.08891054677549755,0.12809548491131076,0.1533704390847248,0.08558368277714243,180586.0,138912.0,122892.0,291177.0,156512.0,156512.0,168974.0,181364.0,0.866339,0.860228,0.760156,0.798951,-0.07375099127676443,-0.07375099127676443,-0.06831565249994487,0.08946957409743495,0.0864724406091395,0.04928118893521316,-0.04855742091817883,0.03893447419409379,0.24543786810852564,-0.2684452776929316,-0.5779474340349684,-0.19095925580154705,-0.0011350115657065667,8619.0,0.05506925986505817,0.15332326112392214,-0.0012894313829468233,7116.0,0.045466162338990035,0.17673433222387547
EW,2010Q1,5216.0,112420.0,563.0,11847.0,130046.0,0.202581,0.821489,,1.02407,0.162763,0.006845,1.02407,165483.0,3,12410.0,0.09542777171154822,22839000.0,0.005694032138009545,0.057318288693518626,0.3393223805874306,0.4170398701143039,0.009081651537851414,0.007957433682911783,0.004043932316911959,0.008013326818000089,0.09887966462719373,0.08891054677549755,0.13037603652490384,0.08576512850078719,206099.0,180586.0,91773.0,180388.0,156512.0,156512.0,156512.0,168974.0,0.88031,0.866339,0.764618,0.817364,-0.07375099127676443,-0.07375099127676443,-0.07375099127676443,-0.06831565249994487,0.15806492351569945,0.0864724406091395,-0.06453183648900607,0.05591670111616365,0.6770741789538781,0.24543786810852564,-0.4912466461183671,-0.36737263318849267,0.0008209174530942583,-1855.0,-0.011209610654870916,-0.004527034284765752,0.0004709704441904893,3445.0,0.020817848359045987,0.010827384846739063
EW,2010Q2,7213.0,143065.0,896.0,16417.0,167591.0,0.200488,0.826939,,1.0274269999999999,0.159967,0.006685,1.0274269999999999,165483.0,3,17313.0,0.10330507008132896,22839000.0,0.007337930732518937,0.057318288693518626,0.19436591229301992,0.20645444598018892,0.005694032138009545,0.009081651537851414,0.006121089274698158,0.008435253875882901,0.09542777171154822,0.09887966462719373,0.12809548491131076,0.13051515119598076,130046.0,206099.0,138912.0,189886.0,165483.0,156512.0,156512.0,168974.0,1.02407,0.88031,0.860228,0.8198259999999999,0.057318288693518626,-0.07375099127676443,-0.07375099127676443,-0.06831565249994487,0.3393223805874306,0.15806492351569945,0.04928118893521316,0.053117954976074966,0.4170398701143039,0.6770741789538781,-0.2684452776929316,-0.4296964163433006,-0.0005708501215544613,-1855.0,-0.011209610654870916,0.0019553700652212846,0.0005739301729725411,3445.0,0.020817848359045987,0.009852768128538747
EW,2010Q3,7575.0,165335.0,646.0,13398.0,186954.0,0.199815,0.80447,,1.004285,0.186075,0.006778,1.004285,165483.0,3,14044.0,0.07512008301507322,22839000.0,0.008185734927098384,0.057318288693518626,0.15922866222113985,0.03526297719646032,0.007337930732518937,0.005694032138009545,0.007957433682911783,0.006441206521256275,0.10330507008132896,0.09542777171154822,0.08891054677549755,0.11356708368391288,167591.0,130046.0,180586.0,144998.0,165483.0,165483.0,156512.0,168974.0,1.0274269999999999,1.02407,0.866339,0.7973870000000001,0.057318288693518626,0.057318288693518626,-0.07375099127676443,-0.06831565249994487,0.19436591229301992,0.3393223805874306,0.0864724406091395,0.009249707940598428,0.20645444598018892,0.4170398701143039,0.24543786810852564,-0.5810202442252235,-0.000489443118003148,-1855.0,-0.011209610654870916,0.02934724704640601,0.0014551240847797357,3445.0,0.020817848359045987,0.03754014049796628
EW,2010Q4,7525.0,148905.0,839.0,15115.0,172384.0,0.198754,0.808102,,1.006856,0.184627,0.006854,1.006856,165483.0,3,15954.0,0.09254919250046408,22839000.0,0.007547791059153203,0.057318288693518626,0.1437516329474844,-0.16358643176337584,0.008185734927098384,0.007337930732518937,0.009081651537851414,0.005459197725556394,0.07512008301507322,0.10330507008132896,0.09887966462719373,0.1533704390847248,186954.0,167591.0,206099.0,122892.0,165483.0,165483.0,156512.0,168974.0,1.004285,1.0274269999999999,0.88031,0.760156,0.057318288693518626,0.057318288693518626,-0.07375099127676443,-0.06831565249994487,0.15922866222113985,0.19436591229301992,0.15806492351569945,-0.04855742091817883,0.03526297719646032,0.20645444598018892,0.6770741789538781,-0.5779474340349684,0.0002444290957513877,-1855.0,-0.011209610654870916,0.028837291529275166,0.003020895461762617,3445.0,0.020817848359045987,0.042702233487211805
EW,2011Q1,5270.0,108279.0,533.0,10186.0,124268.0,0.197095,0.810057,,1.007152,0.182935,0.00741,1.007152,165131.0,3,10719.0,0.08625712170470273,22976000.0,0.005408600278551532,-0.0021271067118676656,-0.01652035505385374,-0.04443043230856769,0.007547791059153203,0.008185734927098384,0.005694032138009545,0.004043932316911959,0.09254919250046408,0.07512008301507322,0.09542777171154822,0.13037603652490384,172384.0,186954.0,130046.0,91773.0,165483.0,165483.0,165483.0,156512.0,1.006856,1.004285,1.02407,0.764618,0.057318288693518626,0.057318288693518626,0.057318288693518626,-0.07375099127676443,0.1437516329474844,0.15922866222113985,0.3393223805874306,-0.06453183648900607,-0.16358643176337584,0.03526297719646032,0.4170398701143039,-0.4912466461183671,0.0007564023036485019,3797.0,0.022993865476500508,0.027807123453063687,0.0033390892644914252,20489.0,0.1240772477608687,0.04785871447408141
EW,2011Q2,6356.0,134947.0,907.0,15735.0,157945.0,0.196272,0.813348,,1.00962,0.181197,0.007532,1.00962,165131.0,3,16642.0,0.10536579188958181,22976000.0,0.006874347144846796,-0.0021271067118676656,-0.01733164497331674,-0.057556790042424755,0.005408600278551532,0.007547791059153203,0.007337930732518937,0.006121089274698158,0.08625712170470273,0.09254919250046408,0.10330507008132896,0.12809548491131076,124268.0,172384.0,167591.0,138912.0,165131.0,165483.0,165483.0,156512.0,1.007152,1.006856,1.0274269999999999,0.860228,-0.0021271067118676656,0.057318288693518626,0.057318288693518626,-0.07375099127676443,-0.01652035505385374,0.1437516329474844,0.19436591229301992,0.04928118893521316,-0.04443043230856769,-0.16358643176337584,0.20645444598018892,-0.2684452776929316,0.0010375137606446821,3797.0,0.022993865476500508,0.027663873536578176,0.003232190592616836,20489.0,0.1240772477608687,0.051860105782373545
EW,2011Q3,7877.0,168628.0,757.0,13555.0,190817.0,0.195979,0.817946,,1.013925,0.179364,0.00774,1.013925,165131.0,3,14312.0,0.0750037994518308,22976000.0,0.008305057451253482,-0.0021271067118676656,0.009598868846990571,0.020662836847566757,0.006874347144846796,0.005408600278551532,0.008185734927098384,0.007957433682911783,0.10536579188958181,0.08625712170470273,0.07512008301507322,0.08891054677549755,157945.0,124268.0,186954.0,180586.0,165131.0,165131.0,165483.0,156512.0,1.00962,1.007152,1.004285,0.866339,-0.0021271067118676656,-0.0021271067118676656,0.057318288693518626,-0.07375099127676443,-0.01733164497331674,-0.01652035505385374,0.15922866222113985,0.0864724406091395,-0.057556790042424755,-0.04443043230856769,0.03526297719646032,0.24543786810852564,0.001335801560624638,3797.0,0.022993865476500508,0.027675617032818067,0.0027729846504066236,20489.0,0.1240772477608687,0.05506028552407738
EW,2011Q4,7680.0,156828.0,905.0,17169.0,182582.0,0.196988,0.818294,,1.015282,0.179481,0.007914,1.015282,165131.0,3,18074.0,0.0989911382283029,22976000.0,0.007946639972144847,-0.0021271067118676656,0.008368624708995132,0.059158622609986944,0.008305057451253482,0.006874347144846796,0.007547791059153203,0.009081651537851414,0.0750037994518308,0.10536579188958181,0.09254919250046408,0.09887966462719373,190817.0,157945.0,172384.0,206099.0,165131.0,165131.0,165483.0,156512.0,1.013925,1.00962,1.006856,0.88031,-0.0021271067118676656,-0.0021271067118676656,0.057318288693518626,-0.07375099127676443,0.009598868846990571,-0.01733164497331674,0.1437516329474844,0.15806492351569945,0.020662836847566757,-0.057556790042424755,-0.16358643176337584,0.6770741789538781,0.0026220465487709725,3797.0,0.022993865476500508,0.03404866825177644,0.002546685374423697,20489.0,0.1240772477608687,0.05967209110375249
EW,2012Q1,5823.0,130775.0,606.0,13363.0,150567.0,0.197885,0.821549,,1.019434,0.178348,0.008651,1.019434,163628.0,3,13969.0,0.09277597348688624,23111000.0,0.006514949591103803,-0.009101864580242314,0.012194782912609003,0.21163131296874504,0.007946639972144847,0.008305057451253482,0.005408600278551532,0.005694032138009545,0.0989911382283029,0.0750037994518308,0.08625712170470273,0.09542777171154822,182582.0,190817.0,124268.0,130046.0,165131.0,165131.0,165131.0,165483.0,1.015282,1.013925,1.007152,1.02407,-0.0021271067118676656,-0.0021271067118676656,-0.0021271067118676656,0.057318288693518626,0.008368624708995132,0.009598868846990571,-0.01652035505385374,0.3393223805874306,0.059158622609986944,0.020662836847566757,-0.04443043230856769,0.4170398701143039,0.0022327399519391543,21992.0,0.13440242501283395,0.0352342574408937,0.0014732422281205958,30272.0,0.18500501136724767,0.05774674966697213
EW,2012Q2,6445.0,131807.0,929.0,17213.0,156394.0,0.199536,0.8299,,1.029436,0.180749,0.009623,1.029436,163628.0,3,18142.0,0.11600189265572848,23111000.0,0.006767080610964476,-0.009101864580242314,0.019627186466195212,-0.009819874006774532,0.006514949591103803,0.007946639972144847,0.006874347144846796,0.007337930732518937,0.09277597348688624,0.0989911382283029,0.10536579188958181,0.10330507008132896,150567.0,182582.0,157945.0,167591.0,163628.0,165131.0,165131.0,165483.0,1.019434,1.015282,1.00962,1.0274269999999999,-0.009101864580242314,-0.0021271067118676656,-0.0021271067118676656,0.057318288693518626,0.012194782912609003,0.008368624708995132,-0.01733164497331674,0.19436591229301992,0.21163131296874504,0.059158622609986944,-0.057556790042424755,0.20645444598018892,0.0033394571264991563,21992.0,0.13440242501283395,0.03161245575247018,0.0028859797466789855,30272.0,0.18500501136724767,0.05428215061451125
EW,2012Q3,7338.0,156241.0,627.0,13663.0,177869.0,0.202043,0.831715,,1.033758,0.178871,0.010798,1.033758,163628.0,3,14290.0,0.0803400255244028,23111000.0,0.007696291809095236,-0.009101864580242314,0.01956061838893408,-0.0678555893866899,0.006767080610964476,0.006514949591103803,0.008305057451253482,0.008185734927098384,0.11600189265572848,0.09277597348688624,0.0750037994518308,0.07512008301507322,156394.0,150567.0,190817.0,186954.0,163628.0,163628.0,165131.0,165483.0,1.029436,1.019434,1.013925,1.004285,-0.009101864580242314,-0.009101864580242314,-0.0021271067118676656,0.057318288693518626,0.019627186466195212,0.012194782912609003,0.009598868846990571,0.15922866222113985,-0.009819874006774532,0.21163131296874504,0.020662836847566757,0.03526297719646032,0.0033817502925648692,21992.0,0.13440242501283395,0.03481859390689124,0.0035223294371350654,30272.0,0.18500501136724767,0.06150956026458809
EW,2012Q4,7673.0,153700.0,939.0,17774.0,180086.0,0.203759,0.832132,,1.035891,0.177475,0.011816,1.035891,163628.0,3,18713.0,0.10391146452250591,23111000.0,0.007792220154904591,-0.009101864580242314,0.02029879383264932,-0.01367056993570015,0.007696291809095236,0.006767080610964476,0.007946639972144847,0.007547791059153203,0.0803400255244028,0.11600189265572848,0.0989911382283029,0.09254919250046408,177869.0,156394.0,182582.0,172384.0,163628.0,163628.0,165131.0,165483.0,1.033758,1.029436,1.015282,1.006856,-0.009101864580242314,-0.009101864580242314,-0.0021271067118676656,0.057318288693518626,0.01956061838893408,0.019627186466195212,0.008368624708995132,0.1437516329474844,-0.0678555893866899,-0.009819874006774532,0.059158622609986944,-0.16358643176337584,0.0027011051916639535,21992.0,0.13440242501283395,0.03858996747727339,0.0032536108776740945,30272.0,0.18500501136724767,0.07300092384237344
EW,2013Q1,5870.0,124239.0,560.0,12581.0,143250.0,0.205438,0.82972,,1.035158,0.176627,0.012905,1.035158,168928.0,3,13141.0,0.0917347294938918,23236000.0,0.006165002582200034,0.03239054440560296,0.015424245218425225,-0.0485963059634581,0.007792220154904591,0.007696291809095236,0.006514949591103803,0.005408600278551532,0.10391146452250591,0.0803400255244028,0.09277597348688624,0.08625712170470273,180086.0,177869.0,150567.0,124268.0,163628.0,163628.0,163628.0,165131.0,1.035891,1.033758,1.019434,1.007152,-0.009101864580242314,-0.009101864580242314,-0.009101864580242314,-0.0021271067118676656,0.02029879383264932,0.01956061838893408,0.012194782912609003,-0.01652035505385374,-0.01367056993570015,-0.0678555893866899,0.21163131296874504,-0.04443043230856769,0.0018231892370243648,24972.0,0.1478262928584959,0.04167962765104449,0.0046286181147198666,34843.0,0.20625947149081258,0.08482376603378428
EW,2013Q2,7571.0,155143.0,943.0,20183.0,183840.0,0.209022,0.828528,,1.03755,0.175352,0.014135,1.03755,168928.0,3,21126.0,0.11491514360313317,23236000.0,0.007911860905491478,0.03239054440560296,0.007881985864104157,0.1754926659590521,0.006165002582200034,0.007792220154904591,0.006767080610964476,0.006874347144846796,0.0917347294938918,0.10391146452250591,0.11600189265572848,0.10536579188958181,143250.0,180086.0,156394.0,157945.0,168928.0,163628.0,163628.0,165131.0,1.035158,1.035891,1.029436,1.00962,0.03239054440560296,-0.009101864580242314,-0.009101864580242314,-0.0021271067118676656,0.015424245218425225,0.02029879383264932,0.019627186466195212,-0.01733164497331674,-0.0485963059634581,-0.01367056993570015,-0.009819874006774532,-0.057556790042424755,0.001741199452151983,24972.0,0.1478262928584959,0.04603729940725754,0.00037984262967053276,34843.0,0.20625947149081258,0.09524553033588745
EW,2013Q3,9386.0,196854.0,693.0,17082.0,224015.0,0.213226,0.82876,,1.041986,0.174018,0.015278,1.041986,168928.0,3,17775.0,0.07934736513179921,23236000.0,0.00964085901187812,0.03239054440560296,0.007959309625657163,0.2594381258116929,0.007911860905491478,0.006165002582200034,0.007696291809095236,0.008305057451253482,0.11491514360313317,0.0917347294938918,0.0803400255244028,0.0750037994518308,183840.0,143250.0,177869.0,190817.0,168928.0,168928.0,163628.0,165131.0,1.03755,1.035158,1.033758,1.013925,0.03239054440560296,0.03239054440560296,-0.009101864580242314,-0.0021271067118676656,0.007881985864104157,0.015424245218425225,0.01956061838893408,0.009598868846990571,0.1754926659590521,-0.0485963059634581,-0.0678555893866899,0.020662836847566757,0.0015777622343521817,24972.0,0.1478262928584959,0.05312739326632032,0.0007211264092654348,34843.0,0.20625947149081258,0.10233150925252343
EW,2013Q4,10493.0,210645.0,1096.0,23340.0,245574.0,0.215689,0.833077,1.049851,1.049851,0.171194,0.015682,1.049851,168928.0,3,24436.0,0.09950564799205128,23236000.0,0.01056868652091582,0.03239054440560296,0.013476321350412546,0.36364847906000475,0.00964085901187812,0.007911860905491478,0.007792220154904591,0.007946639972144847,0.07934736513179921,0.11491514360313317,0.10391146452250591,0.0989911382283029,224015.0,183840.0,180086.0,182582.0,168928.0,168928.0,163628.0,165131.0,1.041986,1.03755,1.035891,1.015282,0.03239054440560296,0.03239054440560296,-0.009101864580242314,-0.0021271067118676656,0.007959309625657163,0.007881985864104157,0.02029879383264932,0.008368624708995132,0.2594381258116929,0.1754926659590521,-0.01367056993570015,0.059158622609986944,0.0004771445116628654,24972.0,0.1478262928584959,0.058733096410823915,-0.0005763130325241294,34843.0,0.20625947149081258,0.102094487693968
EW,2014Q1,8465.0,178996.0,624.0,16366.0,204451.0,,,1.055353,1.055353,0.169634,0.015919,1.055353,185620.0,3,16990.0,0.08310059623088173,23372000.0,0.008747689543042957,0.09881132790301184,0.019509099094051408,0.4272321116928446,0.01056868652091582,0.00964085901187812,0.006165002582200034,0.006514949591103803,0.09950564799205128,0.07934736513179921,0.0917347294938918,0.09277597348688624,245574.0,224015.0,143250.0,150567.0,168928.0,168928.0,168928.0,163628.0,1.049851,1.041986,1.035158,1.019434,0.03239054440560296,0.03239054440560296,0.03239054440560296,-0.009101864580242314,0.013476321350412546,0.007959309625657163,0.015424245218425225,0.012194782912609003,0.36364847906000475,0.2594381258116929,-0.0485963059634581,0.21163131296874504,0.0020459311538769433,18151.0,0.09778579894407935,0.06406482001756775,-0.0002827208582830403,24315.0,0.13099342743238873,0.10486443872334661
EW,2014Q2,9986.0,200685.0,1071.0,24468.0,236210.0,,,1.061979,1.061979,0.168446,0.016794,1.061979,185620.0,3,25539.0,0.1081198933152703,23372000.0,0.010106537737463632,0.09881132790301184,0.023544889402920433,0.28486727589208005,0.008747689543042957,0.01056868652091582,0.007911860905491478,0.006767080610964476,0.08310059623088173,0.09950564799205128,0.11491514360313317,0.11600189265572848,204451.0,245574.0,183840.0,156394.0,185620.0,168928.0,168928.0,163628.0,1.055353,1.049851,1.03755,1.029436,0.09881132790301184,0.03239054440560296,0.03239054440560296,-0.009101864580242314,0.019509099094051408,0.013476321350412546,0.007881985864104157,0.019627186466195212,0.4272321116928446,0.36364847906000475,0.1754926659590521,-0.009819874006774532,-0.0018148342023016212,18151.0,0.09778579894407935,0.07005129103306174,-0.0005894187395513156,24315.0,0.13099342743238873,0.109339261887476
EW,2014Q3,10990.0,227771.0,899.0,19256.0,258916.0,,,1.069752,1.069752,0.16691,0.016845,1.069752,185620.0,3,20155.0,0.07784377944970569,23372000.0,0.011078042101660105,0.09881132790301184,0.026647191037115547,0.1557976028390955,0.010106537737463632,0.008747689543042957,0.00964085901187812,0.007696291809095236,0.1081198933152703,0.08310059623088173,0.07934736513179921,0.0803400255244028,236210.0,204451.0,224015.0,177869.0,185620.0,185620.0,168928.0,163628.0,1.061979,1.055353,1.041986,1.033758,0.09881132790301184,0.09881132790301184,0.03239054440560296,-0.009101864580242314,0.023544889402920433,0.019509099094051408,0.007959309625657163,0.01956061838893408,0.28486727589208005,0.4272321116928446,0.2594381258116929,-0.0678555893866899,-0.0007160566805165507,18151.0,0.09778579894407935,0.07371989021754577,-0.0006027185108459093,24315.0,0.13099342743238873,0.11838351318810347
EW,2014Q4,10367.0,209830.0,1211.0,23842.0,245250.0,,,1.075866,1.075866,0.111019,0.069062,1.075866,185620.0,3,25053.0,0.10215290519877676,23372000.0,0.010493325346568544,0.09881132790301184,0.024779706834588744,-0.0013193579124826105,0.011078042101660105,0.010106537737463632,0.01056868652091582,0.007792220154904591,0.07784377944970569,0.1081198933152703,0.09950564799205128,0.10391146452250591,258916.0,236210.0,245574.0,180086.0,185620.0,185620.0,168928.0,163628.0,1.069752,1.061979,1.049851,1.035891,0.09881132790301184,0.09881132790301184,0.03239054440560296,-0.009101864580242314,0.026647191037115547,0.023544889402920433,0.013476321350412546,0.02029879383264932,0.1557976028390955,0.28486727589208005,0.36364847906000475,-0.01367056993570015,-0.0005009518581768537,18151.0,0.09778579894407935,0.07544526920638828,-0.0003070622985518433,24315.0,0.13099342743238873,0.12121862759860424
EW,2015Q1,7985.0,162568.0,769.0,16744.0,188066.0,,,1.078303,1.078303,0.113999,0.068438,1.078303,193900.0,3,17513.0,0.0931215637063584,23543000.0,0.007988191819224399,0.044607262148475435,0.021746278259501928,-0.0801414519860505,0.010493325346568544,0.011078042101660105,0.008747689543042957,0.006165002582200034,0.10215290519877676,0.07784377944970569,0.08310059623088173,0.0917347294938918,245250.0,258916.0,204451.0,143250.0,185620.0,185620.0,185620.0,168928.0,1.075866,1.069752,1.055353,1.035158,0.09881132790301184,0.09881132790301184,0.09881132790301184,0.03239054440560296,0.024779706834588744,0.026647191037115547,0.019509099094051408,0.015424245218425225,-0.0013193579124826105,0.1557976028390955,0.4272321116928446,-0.0485963059634581,0.0004767768655355182,16035.0,0.08269726663228472,0.08134911986705018,4.018812451215582e-05,20263.0,0.10450232078390931,0.12590524184760676
EW,2015Q2,9475.0,188526.0,1307.0,27954.0,227262.0,,,1.085316,1.085316,0.11424,0.068172,1.085316,193900.0,3,29261.0,0.12875447721132438,23543000.0,0.009653060357643461,0.044607262148475435,0.02197501080529829,-0.03788154608187633,0.007988191819224399,0.010493325346568544,0.010106537737463632,0.007911860905491478,0.0931215637063584,0.10215290519877676,0.1081198933152703,0.11491514360313317,188066.0,245250.0,236210.0,183840.0,193900.0,185620.0,185620.0,168928.0,1.078303,1.075866,1.061979,1.03755,0.044607262148475435,0.09881132790301184,0.09881132790301184,0.03239054440560296,0.021746278259501928,0.024779706834588744,0.023544889402920433,0.007881985864104157,-0.0801414519860505,-0.0013193579124826105,0.28486727589208005,0.1754926659590521,-0.0001359413597311447,16035.0,0.08269726663228472,0.0854857018601034,-0.0006718010493528773,20263.0,0.10450232078390931,0.12704779068953198
EW,2015Q3,11210.0,229641.0,978.0,22291.0,264120.0,,,1.097344,1.097344,0.112413,0.067585,1.097344,193900.0,3,23269.0,0.08810010601241859,23543000.0,0.011218621246230302,0.044607262148475435,0.02579289405394891,0.020099182746527777,0.009653060357643461,0.007988191819224399,0.011078042101660105,0.00964085901187812,0.12875447721132438,0.0931215637063584,0.07784377944970569,0.07934736513179921,227262.0,188066.0,258916.0,224015.0,193900.0,193900.0,185620.0,168928.0,1.085316,1.078303,1.069752,1.041986,0.044607262148475435,0.044607262148475435,0.09881132790301184,0.03239054440560296,0.02197501080529829,0.021746278259501928,0.026647191037115547,0.007959309625657163,-0.03788154608187633,-0.0801414519860505,0.1557976028390955,0.2594381258116929,-0.0007432976554161055,16035.0,0.08269726663228472,0.09026248833547168,-0.0012810074782342723,20263.0,0.10450232078390931,0.12506470167969197
EW,2015Q4,11677.0,223695.0,1016.0,23664.0,260052.0,,,1.111512,1.111512,0.112859,0.063989,1.111512,193900.0,3,24680.0,0.09490409610385615,23543000.0,0.011045831032578685,0.044607262148475435,0.0331323789393847,0.06035474006116215,0.011218621246230302,0.009653060357643461,0.010493325346568544,0.01056868652091582,0.08810010601241859,0.12875447721132438,0.10215290519877676,0.09950564799205128,264120.0,227262.0,245250.0,245574.0,193900.0,193900.0,185620.0,168928.0,1.097344,1.085316,1.075866,1.049851,0.044607262148475435,0.044607262148475435,0.09881132790301184,0.03239054440560296,0.02579289405394891,0.02197501080529829,0.024779706834588744,0.013476321350412546,0.020099182746527777,-0.03788154608187633,-0.0013193579124826105,0.36364847906000475,-0.0008595679845619843,16035.0,0.08269726663228472,0.08526133770935429,-0.0010336681995487332,20263.0,0.10450232078390931,0.12258257220794744
EW,2016Q1,11127.0,226426.0,620.0,17992.0,256165.0,,,1.122964,1.122964,0.115003,0.063294,1.122964,203771.0,3,18612.0,0.0726562957468819,23733000.0,0.0107936206969199,0.05090768437338844,0.04141785750387417,0.36210160262886437,0.011045831032578685,0.011218621246230302,0.007988191819224399,0.008747689543042957,0.09490409610385615,0.08810010601241859,0.0931215637063584,0.08310059623088173,260052.0,264120.0,188066.0,204451.0,193900.0,193900.0,193900.0,185620.0,1.111512,1.097344,1.078303,1.055353,0.044607262148475435,0.044607262148475435,0.044607262148475435,0.09881132790301184,0.0331323789393847,0.02579289405394891,0.021746278259501928,0.019509099094051408,0.06035474006116215,0.020099182746527777,-0.0801414519860505,0.4272321116928446,-0.002765240753183346,10392.0,0.05099842470223925,0.08112726676901483,-0.0031510385719096604,11562.0,0.056740164203934906,0.1176751881627549
EW,2016Q2,8610.0,160305.0,1149.0,26723.0,196787.0,,,1.136372,1.136372,0.115227,0.055234,1.136372,203771.0,3,27872.0,0.14163537225528108,23733000.0,0.008291703535162011,0.05090768437338844,0.047042520335091265,-0.1340963293467452,0.0107936206969199,0.011045831032578685,0.009653060357643461,0.010106537737463632,0.0726562957468819,0.09490409610385615,0.12875447721132438,0.1081198933152703,256165.0,260052.0,227262.0,236210.0,203771.0,193900.0,193900.0,185620.0,1.122964,1.111512,1.085316,1.061979,0.05090768437338844,0.044607262148475435,0.044607262148475435,0.09881132790301184,0.04141785750387417,0.0331323789393847,0.02197501080529829,0.023544889402920433,0.36210160262886437,0.06035474006116215,-0.03788154608187633,0.28486727589208005,0.000689555773128573,10392.0,0.05099842470223925,0.07641071761711848,0.0001965818748486392,11562.0,0.056740164203934906,0.11258637136430694
EW,2016Q3,11330.0,210798.0,903.0,22890.0,245921.0,,,1.148614,1.148614,0.114171,0.055123,1.148614,203771.0,3,23793.0,0.09675058250413751,23733000.0,0.010361985421143555,0.05090768437338844,0.0467219030677708,-0.06890428593063758,0.008291703535162011,0.0107936206969199,0.011218621246230302,0.011078042101660105,0.14163537225528108,0.0726562957468819,0.08810010601241859,0.07784377944970569,196787.0,256165.0,264120.0,258916.0,203771.0,203771.0,193900.0,185620.0,1.136372,1.122964,1.097344,1.069752,0.05090768437338844,0.05090768437338844,0.044607262148475435,0.09881132790301184,0.047042520335091265,0.04141785750387417,0.02579289405394891,0.026647191037115547,-0.1340963293467452,0.36210160262886437,0.020099182746527777,0.1557976028390955,-0.0004243716531475254,10392.0,0.05099842470223925,0.074845857703284,-0.0007672446986073042,11562.0,0.056740164203934906,0.11214298276009171
EW,2016Q4,11385.0,194890.0,1237.0,29637.0,237149.0,,,1.157035,1.157035,0.113035,0.054015,1.157035,203771.0,3,30874.0,0.13018819392027797,23733000.0,0.00999237348839169,0.05090768437338844,0.04095592310294438,-0.08807084736898774,0.010361985421143555,0.008291703535162011,0.011045831032578685,0.010493325346568544,0.09675058250413751,0.14163537225528108,0.09490409610385615,0.10215290519877676,245921.0,196787.0,260052.0,245250.0,203771.0,203771.0,193900.0,185620.0,1.148614,1.136372,1.111512,1.075866,0.05090768437338844,0.05090768437338844,0.044607262148475435,0.09881132790301184,0.0467219030677708,0.047042520335091265,0.0331323789393847,0.024779706834588744,-0.06890428593063758,-0.1340963293467452,0.06035474006116215,-0.0013193579124826105,1.9789344638261597e-05,10392.0,0.05099842470223925,0.07841508683834109,-0.0003773984740556534,11562.0,0.056740164203934906,0.11608551167423631
EW,2017Q1,9450.0,171722.0,740.0,20824.0,202736.0,,,1.166022,1.166022,0.112358,0.055724,1.166022,209935.0,3,21564.0,0.10636492778786205,23950000.0,0.008464968684759917,0.03024964298158217,0.038343170395488846,-0.20857259969160502,0.00999237348839169,0.010361985421143555,0.0107936206969199,0.007988191819224399,0.13018819392027797,0.09675058250413751,0.0726562957468819,0.0931215637063584,237149.0,245921.0,256165.0,188066.0,203771.0,203771.0,203771.0,193900.0,1.157035,1.148614,1.122964,1.078303,0.05090768437338844,0.05090768437338844,0.05090768437338844,0.044607262148475435,0.04095592310294438,0.0467219030677708,0.04141785750387417,0.021746278259501928,-0.08807084736898774,-0.06890428593063758,0.36210160262886437,-0.0801414519860505,-0.0008223865597496768,5398.0,0.02571272060399643,0.07640250355482148,-0.0011455056519497613,13115.0,0.06247171743634938,0.11495409177528382
EW,2017Q2,10951.0,186002.0,1163.0,29819.0,227935.0,,,1.178095,1.178095,0.111605,0.056388,1.178095,209935.0,3,30982.0,0.13592471537938447,23950000.0,0.009517118997912317,0.03024964298158217,0.03671596977046243,0.1582828133972265,0.008464968684759917,0.00999237348839169,0.008291703535162011,0.009653060357643461,0.10636492778786205,0.13018819392027797,0.14163537225528108,0.12875447721132438,202736.0,237149.0,196787.0,227262.0,209935.0,203771.0,203771.0,193900.0,1.166022,1.157035,1.136372,1.085316,0.03024964298158217,0.05090768437338844,0.05090768437338844,0.044607262148475435,0.038343170395488846,0.04095592310294438,0.047042520335091265,0.02197501080529829,-0.20857259969160502,-0.08807084736898774,-0.1340963293467452,-0.03788154608187633,-0.0010288335879016664,5398.0,0.02571272060399643,0.07318340201766427,-0.005213878538813481,13115.0,0.06247171743634938,0.10455438653079763
EW,2017Q3,12294.0,214425.0,845.0,23320.0,250884.0,,,1.196393,1.196393,0.105335,0.056959,1.196393,209935.0,3,24165.0,0.09631941455015067,23950000.0,0.010475323590814196,0.03024964298158217,0.04159709005810486,0.020181277727400193,0.009517118997912317,0.008464968684759917,0.010361985421143555,0.011218621246230302,0.13592471537938447,0.10636492778786205,0.09675058250413751,0.08810010601241859,227935.0,202736.0,245921.0,264120.0,209935.0,209935.0,203771.0,193900.0,1.178095,1.166022,1.148614,1.097344,0.03024964298158217,0.03024964298158217,0.05090768437338844,0.044607262148475435,0.03671596977046243,0.038343170395488846,0.0467219030677708,0.02579289405394891,0.1582828133972265,-0.20857259969160502,-0.06890428593063758,0.020099182746527777,-0.0008805828682779456,5398.0,0.02571272060399643,0.06772858082586564,-0.0031086934249383797,13115.0,0.06247171743634938,0.09696562918706486
EW,2017Q4,12312.0,200161.0,1292.0,30196.0,243961.0,,,1.206281,1.206281,0.104211,0.058455,1.206281,209935.0,3,31488.0,0.1290698103385377,23950000.0,0.010186263048016701,0.03024964298158217,0.04256223882596455,0.02872455713496569,0.010475323590814196,0.009517118997912317,0.00999237348839169,0.011045831032578685,0.09631941455015067,0.13592471537938447,0.13018819392027797,0.09490409610385615,250884.0,227935.0,237149.0,260052.0,209935.0,209935.0,203771.0,193900.0,1.196393,1.178095,1.157035,1.111512,0.03024964298158217,0.03024964298158217,0.05090768437338844,0.044607262148475435,0.04159709005810486,0.03671596977046243,0.04095592310294438,0.0331323789393847,0.020181277727400193,0.1582828133972265,-0.08807084736898774,0.06035474006116215,-0.0005712880336806638,5398.0,0.02571272060399643,0.07052171094463078,0.00010387768281024459,13115.0,0.06247171743634938,0.10285911823198735
EW,2018Q1,9500.0,161737.0,746.0,22079.0,194062.0,,,1.214067,1.214067,0.103915,0.059211,1.214067,214163.0,3,22825.0,0.11761705022106338,24172000.0,0.008028379943736555,0.020139567008836012,0.04120419683333609,-0.042784705232420506,0.010186263048016701,0.010475323590814196,0.008464968684759917,0.0107936206969199,0.1290698103385377,0.09631941455015067,0.10636492778786205,0.0726562957468819,243961.0,250884.0,202736.0,256165.0,209935.0,209935.0,209935.0,203771.0,1.206281,1.196393,1.166022,1.122964,0.03024964298158217,0.03024964298158217,0.03024964298158217,0.05090768437338844,0.04256223882596455,0.04159709005810486,0.038343170395488846,0.04141785750387417,0.02872455713496569,0.020181277727400193,-0.20857259969160502,0.36210160262886437,-0.000708916910926399,8887.0,0.04149643028907879,0.07083134621071152,0.00303429846256747,26466.0,0.123578769441967,0.11132828748331014
EW,2018Q2,10455.0,174602.0,1055.0,30983.0,217095.0,,,1.223203,1.223203,0.104742,0.054451,1.223203,214163.0,3,32038.0,0.14757594601441765,24172000.0,0.008981259308290584,0.020139567008836012,0.03828893255637289,-0.04755741768486632,0.008028379943736555,0.010186263048016701,0.009517118997912317,0.008291703535162011,0.11761705022106338,0.1290698103385377,0.13592471537938447,0.14163537225528108,194062.0,243961.0,227935.0,196787.0,214163.0,209935.0,209935.0,203771.0,1.214067,1.206281,1.178095,1.136372,0.020139567008836012,0.03024964298158217,0.03024964298158217,0.05090768437338844,0.04120419683333609,0.04256223882596455,0.03671596977046243,0.047042520335091265,-0.042784705232420506,0.02872455713496569,0.1582828133972265,-0.1340963293467452,-0.004678018849191748,8887.0,0.04149643028907879,0.0638217859177912,0.00293181913017683,26466.0,0.123578769441967,0.1215292964454795
EW,2018Q3,12139.0,202867.0,858.0,24348.0,240212.0,,,1.234583,1.234583,0.104856,0.054687,1.234583,214163.0,3,25206.0,0.10493230979301617,24172000.0,0.00993761376799603,0.020139567008836012,0.03192094905269416,-0.042537587092042584,0.008981259308290584,0.008028379943736555,0.010475323590814196,0.010361985421143555,0.14757594601441765,0.11761705022106338,0.09631941455015067,0.09675058250413751,217095.0,194062.0,250884.0,245921.0,214163.0,214163.0,209935.0,203771.0,1.223203,1.214067,1.196393,1.148614,0.020139567008836012,0.020139567008836012,0.03024964298158217,0.05090768437338844,0.03828893255637289,0.04120419683333609,0.04159709005810486,0.0467219030677708,-0.04755741768486632,-0.042784705232420506,0.020181277727400193,-0.06890428593063758,-0.002570983602120213,8887.0,0.04149643028907879,0.06303261911106839,-0.00048097403816850515,26466.0,0.123578769441967,0.12077357293920299
EW,2018Q4,12436.0,196487.0,1263.0,31828.0,242014.0,,,1.247764,1.247764,0.10597,0.055026,1.247764,214163.0,3,33091.0,0.13673175931970877,24172000.0,0.010012162833029952,0.020139567008836012,0.03438916802967151,-0.007980783813806291,0.00993761376799603,0.008981259308290584,0.010186263048016701,0.00999237348839169,0.10493230979301617,0.14757594601441765,0.1290698103385377,0.13018819392027797,240212.0,217095.0,243961.0,237149.0,214163.0,214163.0,209935.0,203771.0,1.234583,1.223203,1.206281,1.157035,0.020139567008836012,0.020139567008836012,0.03024964298158217,0.05090768437338844,0.03192094905269416,0.03828893255637289,0.04256223882596455,0.04095592310294438,-0.042537587092042584,-0.04755741768486632,0.02872455713496569,-0.08807084736898774,0.00027797789779699343,8887.0,0.04149643028907879,0.06619360712442401,-0.0026518926605537734,26466.0,0.123578769441967,0.1163857909027668
EW,2019Q1,9295.0,155499.0,621.0,21171.0,186586.0,,,1.255109,1.255109,0.107066,0.052007,1.255109,215333.0,3,21792.0,0.11679332854555004,24414000.0,0.00764258212501024,0.005463128551617125,0.0338053830637024,-0.038523770753676634,0.010012162833029952,0.00993761376799603,0.008028379943736555,0.008464968684759917,0.13673175931970877,0.10493230979301617,0.11761705022106338,0.10636492778786205,242014.0,240212.0,194062.0,202736.0,214163.0,214163.0,214163.0,209935.0,1.247764,1.234583,1.214067,1.166022,0.020139567008836012,0.020139567008836012,0.020139567008836012,0.03024964298158217,0.03438916802967151,0.03192094905269416,0.04120419683333609,0.038343170395488846,-0.007980783813806291,-0.042537587092042584,-0.042784705232420506,-0.20857259969160502,0.0034200962812937843,25296.0,0.1174738660586161,0.07498790941663236,-5.243904074950928e-05,62667.0,0.2910236703152791,0.12095284154603303
EW,2019Q2,10267.0,165216.0,1046.0,30704.0,207233.0,,,1.264312,1.264312,0.108167,0.052431,1.264312,215333.0,3,31750.0,0.1532091896560876,24414000.0,0.00848828541001065,0.005463128551617125,0.03360766773789803,-0.045427117160690034,0.00764258212501024,0.010012162833029952,0.008981259308290584,0.009517118997912317,0.11679332854555004,0.13673175931970877,0.14757594601441765,0.13592471537938447,186586.0,242014.0,217095.0,227935.0,215333.0,214163.0,214163.0,209935.0,1.255109,1.247764,1.223203,1.178095,0.005463128551617125,0.020139567008836012,0.020139567008836012,0.03024964298158217,0.0338053830637024,0.03438916802967151,0.03828893255637289,0.03671596977046243,-0.038523770753676634,-0.007980783813806291,-0.04755741768486632,0.1582828133972265,0.0034247930284567636,25296.0,0.1174738660586161,0.08506286422971532,-0.0010982218170058813,62667.0,0.2910236703152791,0.12452543359550483
EW,2019Q3,11902.0,196553.0,873.0,24918.0,234246.0,,,1.277423,1.277423,0.107666,0.053079,1.277423,215333.0,3,25791.0,0.11010220025101816,24414000.0,0.00959474072253625,0.005463128551617125,0.03469997561929827,-0.024836394518175653,0.00848828541001065,0.00764258212501024,0.00993761376799603,0.010475323590814196,0.1532091896560876,0.11679332854555004,0.10493230979301617,0.09631941455015067,207233.0,186586.0,240212.0,250884.0,215333.0,215333.0,214163.0,209935.0,1.264312,1.255109,1.234583,1.196393,0.005463128551617125,0.005463128551617125,0.020139567008836012,0.03024964298158217,0.03360766773789803,0.0338053830637024,0.03192094905269416,0.04159709005810486,-0.045427117160690034,-0.038523770753676634,-0.042537587092042584,0.020181277727400193,-0.00013810099270872636,25296.0,0.1174738660586161,0.08318701009767326,-0.0016446214856523072,62667.0,0.2910236703152791,0.12684287037261743
EW,2019Q4,11645.0,190706.0,1232.0,31157.0,234740.0,,,1.29135,1.29135,0.108632,0.054057,1.29135,215333.0,3,32389.0,0.1379781886342336,24414000.0,0.009614975014336037,0.005463128551617125,0.03493128508275589,-0.03005611245630413,0.00959474072253625,0.00848828541001065,0.010012162833029952,0.010186263048016701,0.11010220025101816,0.1532091896560876,0.13673175931970877,0.1290698103385377,234246.0,207233.0,242014.0,243961.0,215333.0,215333.0,214163.0,209935.0,1.277423,1.264312,1.247764,1.206281,0.005463128551617125,0.005463128551617125,0.020139567008836012,0.03024964298158217,0.03469997561929827,0.03360766773789803,0.03438916802967151,0.04256223882596455,-0.024836394518175653,-0.045427117160690034,-0.007980783813806291,0.02872455713496569,-0.0022547048418598585,25296.0,0.1174738660586161,0.07870523095984816,-0.002559132407022841,62667.0,0.2910236703152791,0.12352499322414512
EW,2020Q1,9085.0,151684.0,594.0,19113.0,180476.0,,,1.300061,1.300061,0.109772,0.055621,1.300061,223050.0,3,19707.0,0.10919457434783572,24657000.0,0.007319463032810156,0.03583751677634184,0.03581521604896465,-0.032746293934164394,0.009614975014336037,0.00959474072253625,0.00764258212501024,0.008028379943736555,0.1379781886342336,0.11010220025101816,0.11679332854555004,0.11761705022106338,234740.0,234246.0,186586.0,194062.0,215333.0,215333.0,215333.0,214163.0,1.29135,1.277423,1.255109,1.214067,0.005463128551617125,0.005463128551617125,0.005463128551617125,0.020139567008836012,0.03493128508275589,0.03469997561929827,0.0338053830637024,0.04120419683333609,-0.03005611245630413,-0.024836394518175653,-0.038523770753676634,-0.042784705232420506,0.0002706800514505753,54950.0,0.24635731898677427,0.08219383552002557,-0.0013563230201679303,78950.0,0.35395651199282674,0.11822445254491898
EW,2020Q2,4697.0,91098.0,273.0,10037.0,106105.0,,,1.30127,1.30127,0.110267,0.056435,1.30127,223050.0,3,10310.0,0.09716789972197351,24657000.0,0.004303240459098836,0.03583751677634184,0.02923170862888269,-0.48799177737136457,0.007319463032810156,0.009614975014336037,0.00848828541001065,0.008981259308290584,0.10919457434783572,0.1379781886342336,0.1532091896560876,0.14757594601441765,180476.0,234740.0,207233.0,217095.0,223050.0,215333.0,215333.0,214163.0,1.300061,1.29135,1.264312,1.223203,0.03583751677634184,0.005463128551617125,0.005463128551617125,0.020139567008836012,0.03581521604896465,0.03493128508275589,0.03360766773789803,0.03828893255637289,-0.032746293934164394,-0.03005611245630413,-0.045427117160690034,-0.04755741768486632,0.003086823133905933,54950.0,0.24635731898677427,0.09258724169465227,0.0013310041679555256,78950.0,0.35395651199282674,0.11642318657926487
EW,2020Q3,7379.0,156351.0,396.0,17513.0,181639.0,,,1.312402,1.312402,0.111007,0.057444,1.312402,223050.0,3,17909.0,0.09859666701534361,24657000.0,0.0073666301658758164,0.03583751677634184,0.027382472368197686,-0.22458014224362421,0.004303240459098836,0.007319463032810156,0.00959474072253625,0.00993761376799603,0.09716789972197351,0.10919457434783572,0.11010220025101816,0.10493230979301617,106105.0,180476.0,234246.0,240212.0,223050.0,223050.0,215333.0,214163.0,1.30127,1.300061,1.277423,1.234583,0.03583751677634184,0.03583751677634184,0.005463128551617125,0.020139567008836012,0.02923170862888269,0.03581521604896465,0.03469997561929827,0.03192094905269416,-0.48799177737136457,-0.032746293934164394,-0.024836394518175653,-0.042537587092042584,0.0005834890710081269,54950.0,0.24635731898677427,0.09680951415800942,-0.0007697196096179146,78950.0,0.35395651199282674,0.10934302142179009
EW,2020Q4,12835.0,220683.0,530.0,19676.0,253724.0,,,1.330358,1.330358,0.111837,0.058951,1.330358,223050.0,3,20206.0,0.07963771657391497,24657000.0,0.010290140730826946,0.03583751677634184,0.030207147558756198,0.08087245463065518,0.0073666301658758164,0.004303240459098836,0.009614975014336037,0.010012162833029952,0.09859666701534361,0.09716789972197351,0.1379781886342336,0.13673175931970877,181639.0,106105.0,234740.0,242014.0,223050.0,223050.0,215333.0,214163.0,1.312402,1.30127,1.29135,1.247764,0.03583751677634184,0.03583751677634184,0.005463128551617125,0.020139567008836012,0.027382472368197686,0.02923170862888269,0.03493128508275589,0.03438916802967151,-0.22458014224362421,-0.48799177737136457,-0.03005611245630413,-0.007980783813806291,-0.0032342981235137496,54950.0,0.24635731898677427,0.09058163291384735,-0.004587312032976124,78950.0,0.35395651199282674,0.09348836929608417
EW,2021Q1,11680.0,248990.0,332.0,14160.0,275162.0,,,1.349227,1.349227,0.113622,0.056606,1.349227,240629.0,3,14492.0,0.05266715607533017,24873000.0,0.011062678406304025,0.07881192557722483,0.03781822545249813,0.5246459363017797,0.010290140730826946,0.0073666301658758164,0.007319463032810156,0.00764258212501024,0.07963771657391497,0.09859666701534361,0.10919457434783572,0.11679332854555004,253724.0,181639.0,180476.0,186586.0,223050.0,223050.0,223050.0,215333.0,1.330358,1.312402,1.300061,1.255109,0.03583751677634184,0.03583751677634184,0.03583751677634184,0.005463128551617125,0.030207147558756198,0.027382472368197686,0.03581521604896465,0.0338053830637024,0.08087245463065518,-0.22458014224362421,-0.032746293934164394,-0.038523770753676634,-0.005099538393661799,61371.0,0.2550440719946474,0.07747621415818085,-0.005111746042207943,65371.0,0.27166717228596715,0.07777119787848896
EW,2021Q2,13496.0,267922.0,486.0,14410.0,296314.0,,,1.371858,1.371858,0.115589,0.057199,1.371858,240629.0,3,14896.0,0.0502709963079706,24873000.0,0.011913078438467414,0.07881192557722483,0.05424546788906226,1.792648791291645,0.011062678406304025,0.010290140730826946,0.004303240459098836,0.00848828541001065,0.05266715607533017,0.07963771657391497,0.09716789972197351,0.1532091896560876,275162.0,253724.0,106105.0,207233.0,240629.0,223050.0,223050.0,215333.0,1.349227,1.330358,1.30127,1.264312,0.07881192557722483,0.03583751677634184,0.03583751677634184,0.005463128551617125,0.03781822545249813,0.030207147558756198,0.02923170862888269,0.03360766773789803,0.5246459363017797,0.08087245463065518,-0.48799177737136457,-0.045427117160690034,-0.006278833811413052,61371.0,0.2550440719946474,0.058978407386187204,-0.0050053271742449106,65371.0,0.27166717228596715,0.06330247008072276
EW,2021Q3,11306.0,212325.0,313.0,11271.0,235215.0,,,1.383688,1.383688,0.113036,0.058305,1.383688,240629.0,3,11584.0,0.04924855982824225,24873000.0,0.009456639729827524,0.07881192557722483,0.05431719854130068,0.2949586817808951,0.011913078438467414,0.011062678406304025,0.0073666301658758164,0.00959474072253625,0.0502709963079706,0.05266715607533017,0.09859666701534361,0.11010220025101816,296314.0,275162.0,181639.0,234246.0,240629.0,240629.0,223050.0,215333.0,1.371858,1.349227,1.312402,1.277423,0.07881192557722483,0.07881192557722483,0.03583751677634184,0.005463128551617125,0.05424546788906226,0.03781822545249813,0.027382472368197686,0.03469997561929827,1.792648791291645,0.5246459363017797,-0.22458014224362421,-0.024836394518175653,-0.0028597291735696223,61371.0,0.2550440719946474,0.05219095634275939,-0.0012034396666163998,65371.0,0.27166717228596715,0.061446655604442624
EW,2021Q4,12015.0,159620.0,391.0,11046.0,183072.0,,,1.392986,1.392986,0.113885,0.058897,1.392986,240629.0,3,11437.0,0.06247268834119909,24873000.0,0.007360270172476179,0.07881192557722483,0.04707605020603478,-0.27846005896170645,0.009456639729827524,0.011913078438467414,0.010290140730826946,0.009614975014336037,0.04924855982824225,0.0502709963079706,0.07963771657391497,0.1379781886342336,235215.0,296314.0,253724.0,234740.0,240629.0,240629.0,223050.0,215333.0,1.383688,1.371858,1.330358,1.29135,0.07881192557722483,0.07881192557722483,0.03583751677634184,0.005463128551617125,0.05431719854130068,0.05424546788906226,0.030207147558756198,0.03493128508275589,0.2949586817808951,1.792648791291645,0.08087245463065518,-0.03005611245630413,-0.0016574414746253572,61371.0,0.2550440719946474,0.04432564289949781,0.0013705689552102945,65371.0,0.27166717228596715,0.05808170362085474
EW,2022Q1,9785.0,173323.0,185.0,7675.0,190968.0,,,1.406918,1.406918,0.115836,0.059886,1.406918,278000.0,3,7860.0,0.04115872816388086,25160000.0,0.007590143084260731,0.15530547024672847,0.042758557307258194,-0.3059797501108438,0.007360270172476179,0.009456639729827524,0.011062678406304025,0.007319463032810156,0.06247268834119909,0.04924855982824225,0.05266715607533017,0.10919457434783572,183072.0,235215.0,275162.0,180476.0,240629.0,240629.0,240629.0,223050.0,1.392986,1.383688,1.349227,1.300061,0.07881192557722483,0.07881192557722483,0.07881192557722483,0.03583751677634184,0.04707605020603478,0.05431719854130068,0.03781822545249813,0.03581521604896465,-0.27846005896170645,0.2949586817808951,0.5246459363017797,-0.032746293934164394,-0.0016392107201646496,28000.0,0.1007194244604317,0.033576939096663816,0.001603164437863163,-8000.0,-0.02877697841726623,0.05965450722785559
EW,2022Q2,9444.0,169462.0,189.0,6839.0,185934.0,,,1.421751,1.421751,0.11664,0.060768,1.421751,278000.0,3,7028.0,0.03779835855733755,25160000.0,0.007390063593004769,0.15530547024672847,0.03636892448052209,-0.3725102425130098,0.007590143084260731,0.007360270172476179,0.011913078438467414,0.004303240459098836,0.04115872816388086,0.06247268834119909,0.0502709963079706,0.09716789972197351,190968.0,183072.0,296314.0,106105.0,278000.0,240629.0,240629.0,223050.0,1.406918,1.392986,1.371858,1.30127,0.15530547024672847,0.07881192557722483,0.07881192557722483,0.03583751677634184,0.042758557307258194,0.04707605020603478,0.05424546788906226,0.02923170862888269,-0.3059797501108438,-0.27846005896170645,1.792648791291645,-0.48799177737136457,-0.00048231232878226567,28000.0,0.1007194244604317,0.025988376304993066,-0.002417165362916273,-8000.0,-0.02877697841726623,0.05801437804510079
EW,2022Q3,10290.0,186466.0,57.0,3212.0,200025.0,,,1.439455,1.439455,0.118105,0.06165,1.439455,278000.0,3,3269.0,0.016342957130358705,25160000.0,0.007950119236883943,0.15530547024672847,0.04030316082816343,-0.14960780562464127,0.007390063593004769,0.007590143084260731,0.009456639729827524,0.0073666301658758164,0.03779835855733755,0.04115872816388086,0.04924855982824225,0.09859666701534361,185934.0,190968.0,235215.0,181639.0,278000.0,278000.0,240629.0,223050.0,1.421751,1.406918,1.383688,1.312402,0.15530547024672847,0.15530547024672847,0.07881192557722483,0.03583751677634184,0.03636892448052209,0.042758557307258194,0.05431719854130068,0.027382472368197686,-0.3725102425130098,-0.3059797501108438,0.2949586817808951,-0.22458014224362421,0.000303080826327181,28000.0,0.1007194244604317,0.02032435887193418,-0.0015490841547094805,-8000.0,-0.02877697841726623,0.05545293183878619
EW,2022Q4,10223.0,153385.0,581.0,13336.0,177525.0,,,1.450864,1.450864,0.117559,0.060114,1.450864,278000.0,3,13917.0,0.07839459231094212,25160000.0,0.007055842607313196,0.15530547024672847,0.041549592027486204,-0.030299554273728324,0.007950119236883943,0.007390063593004769,0.007360270172476179,0.010290140730826946,0.016342957130358705,0.03779835855733755,0.06247268834119909,0.07963771657391497,200025.0,185934.0,183072.0,253724.0,278000.0,278000.0,240629.0,223050.0,1.439455,1.421751,1.392986,1.330358,0.15530547024672847,0.15530547024672847,0.07881192557722483,0.03583751677634184,0.04030316082816343,0.03636892448052209,0.04707605020603478,0.030207147558756198,-0.14960780562464127,-0.3725102425130098,-0.27846005896170645,0.08087245463065518,0.0016749965203732772,28000.0,0.1007194244604317,0.01587261107864002,,-8000.0,-0.02877697841726623,0.04882401107202328
EW,2023Q1,7646.0,135177.0,297.0,7819.0,150939.0,,,1.45376,1.45376,0.113352,0.052245,1.45376,302000.0,3,8116.0,0.0537700660531738,25312000.0,0.005963140012642225,0.08633093525179847,0.03329405125245399,-0.20961103430941308,0.007055842607313196,0.007950119236883943,0.007590143084260731,0.011062678406304025,0.07839459231094212,0.016342957130358705,0.04115872816388086,0.05266715607533017,177525.0,200025.0,190968.0,275162.0,278000.0,278000.0,278000.0,240629.0,1.450864,1.439455,1.406918,1.349227,0.15530547024672847,0.15530547024672847,0.15530547024672847,0.07881192557722483,0.041549592027486204,0.04030316082816343,0.042758557307258194,0.03781822545249813,-0.030299554273728324,-0.14960780562464127,-0.3059797501108438,0.5246459363017797,0.0032301675094816686,-32000.0,-0.10596026490066224,0.025511088487783384,,,,
EW,2023Q2,7291.0,124045.0,427.0,10851.0,142614.0,,,1.452768,1.452768,0.112834,0.052584,1.452768,302000.0,3,11278.0,0.07908059517298442,25312000.0,0.005634244627054362,0.08633093525179847,0.02181605639806139,-0.2329858982219497,0.005963140012642225,0.007055842607313196,0.007390063593004769,0.011913078438467414,0.0537700660531738,0.07839459231094212,0.03779835855733755,0.0502709963079706,150939.0,177525.0,185934.0,296314.0,302000.0,278000.0,278000.0,240629.0,1.45376,1.450864,1.421751,1.371858,0.08633093525179847,0.15530547024672847,0.15530547024672847,0.07881192557722483,0.03329405125245399,0.041549592027486204,0.03636892448052209,0.05424546788906226,-0.20961103430941308,-0.030299554273728324,-0.3725102425130098,1.792648791291645,-0.0006613463969658657,-32000.0,-0.10596026490066224,0.0354254774334235,,,,
EW,2023Q3,8611.0,153221.0,215.0,4934.0,166981.0,,,1.455904,1.455904,0.111893,0.052675,1.455904,302000.0,3,5149.0,0.03083584359897234,25312000.0,0.006596910556257902,0.08633093525179847,0.01142724156017394,-0.16519935008123987,0.005634244627054362,0.005963140012642225,0.007950119236883943,0.009456639729827524,0.07908059517298442,0.0537700660531738,0.016342957130358705,0.04924855982824225,142614.0,150939.0,200025.0,235215.0,302000.0,302000.0,278000.0,240629.0,1.452768,1.45376,1.439455,1.383688,0.08633093525179847,0.08633093525179847,0.15530547024672847,0.07881192557722483,0.02181605639806139,0.03329405125245399,0.04030316082816343,0.05431719854130068,-0.2329858982219497,-0.20961103430941308,-0.14960780562464127,0.2949586817808951,-0.00019587547408343904,-32000.0,-0.10596026490066224,0.043528282084533076,,,,
EW,2023Q4,7866.0,133744.0,118.0,2622.0,144350.0,,,1.454731,1.454731,0.111158,0.053126,1.454731,302000.0,3,2740.0,0.01898164184274333,25312000.0,0.0057028286978508215,0.08633093525179847,0.0026653083955492374,-0.18687508801577246,0.006596910556257902,0.005634244627054362,0.007055842607313196,0.007360270172476179,0.03083584359897234,0.07908059517298442,0.07839459231094212,0.06247268834119909,166981.0,142614.0,177525.0,183072.0,302000.0,302000.0,278000.0,240629.0,1.455904,1.452768,1.450864,1.392986,0.08633093525179847,0.08633093525179847,0.15530547024672847,0.07881192557722483,0.01142724156017394,0.02181605639806139,0.041549592027486204,0.04707605020603478,-0.16519935008123987,-0.2329858982219497,-0.030299554273728324,-0.27846005896170645,,-32000.0,-0.10596026490066224,0.0460360025324269,,,,
EW,2024Q1,7179.0,131454.0,311.0,11686.0,150630.0,,,1.454158,1.454158,0.111877,0.055577,1.454158,306000.0,3,11997.0,0.07964548894642501,25312000.0,0.005950932364096081,0.013245033112582849,0.00027377283733232005,-0.0020471846242521297,0.0057028286978508215,0.006596910556257902,0.005963140012642225,0.007590143084260731,0.01898164184274333,0.03083584359897234,0.0537700660531738,0.04115872816388086,144350.0,166981.0,150939.0,190968.0,302000.0,302000.0,302000.0,278000.0,1.454731,1.455904,1.45376,1.406918,0.08633093525179847,0.08633093525179847,0.08633093525179847,0.15530547024672847,0.0026653083955492374,0.01142724156017394,0.03329405125245399,0.042758557307258194,-0.18687508801577246,-0.16519935008123987,-0.20961103430941308,-0.3059797501108438,,,,,,,,
EW,2024Q2,8259.0,148661.0,677.0,17252.0,174849.0,,,1.4587,1.4587,0.113478,0.055817,1.4587,306000.0,3,17929.0,0.10253990586162917,25312000.0,0.006907751264222503,0.013245033112582849,0.004083239718936538,0.22602970255374655,0.005950932364096081,0.0057028286978508215,0.005634244627054362,0.007390063593004769,0.07964548894642501,0.01898164184274333,0.07908059517298442,0.03779835855733755,150630.0,144350.0,142614.0,185934.0,306000.0,302000.0,302000.0,278000.0,1.454158,1.454731,1.452768,1.421751,0.013245033112582849,0.08633093525179847,0.08633093525179847,0.15530547024672847,0.00027377283733232005,0.0026653083955492374,0.02181605639806139,0.03636892448052209,-0.0020471846242521297,-0.18687508801577246,-0.2329858982219497,-0.3725102425130098,,,,,,,,
EW,2024Q3,10168.0,184202.0,420.0,14115.0,208905.0,,,1.468711,1.468711,0.113366,0.05603,1.468711,306000.0,3,14535.0,0.06957708049113233,25312000.0,0.008253200063211124,0.013245033112582849,0.008796596478888752,0.2510704810726969,0.006907751264222503,0.005950932364096081,0.006596910556257902,0.007950119236883943,0.10253990586162917,0.07964548894642501,0.03083584359897234,0.016342957130358705,174849.0,150630.0,166981.0,200025.0,306000.0,306000.0,302000.0,278000.0,1.4587,1.454158,1.455904,1.439455,0.013245033112582849,0.013245033112582849,0.08633093525179847,0.15530547024672847,0.004083239718936538,0.00027377283733232005,0.01142724156017394,0.04030316082816343,0.22602970255374655,-0.0020471846242521297,-0.16519935008123987,-0.14960780562464127,,,,,,,,
EW,2024Q4,10690.0,190755.0,662.0,18888.0,220995.0,,,1.473893,1.473893,0.115093,0.055856,1.473893,306000.0,3,19550.0,0.08846353989909274,25312000.0,0.008730839127686473,0.013245033112582849,0.01317219472191078,0.530966401108417,0.008253200063211124,0.006907751264222503,0.0057028286978508215,0.007055842607313196,0.06957708049113233,0.10253990586162917,0.01898164184274333,0.07839459231094212,208905.0,174849.0,144350.0,177525.0,306000.0,306000.0,302000.0,278000.0,1.468711,1.4587,1.454731,1.450864,0.013245033112582849,0.013245033112582849,0.08633093525179847,0.15530547024672847,0.008796596478888752,0.004083239718936538,0.0026653083955492374,0.041549592027486204,0.2510704810726969,0.22602970255374655,-0.18687508801577246,-0.030299554273728324,,,,,,,,
EW,2025Q1,8935.0,209114.0,307.0,14345.0,232701.0,,,1.490847,1.490847,0.114026,0.056963,1.490847,270000.0,3,14652.0,0.06296492064924517,25312000.0,0.009193307522123894,-0.11764705882352944,0.02523040824999767,0.544851623182633,0.008730839127686473,0.008253200063211124,0.005950932364096081,0.005963140012642225,0.08846353989909274,0.06957708049113233,0.07964548894642501,0.0537700660531738,220995.0,208905.0,150630.0,150939.0,306000.0,306000.0,306000.0,302000.0,1.473893,1.468711,1.454158,1.45376,0.013245033112582849,0.013245033112582849,0.013245033112582849,0.08633093525179847,0.01317219472191078,0.008796596478888752,0.00027377283733232005,0.03329405125245399,0.530966401108417,0.2510704810726969,-0.0020471846242521297,-0.20961103430941308,,,,,,,,
EW,2025Q2,8141.0,110814.0,289.0,6630.0,125874.0,,,1.504233,1.504233,0.111948,0.057076,1.504233,270000.0,3,6919.0,0.05496766607877719,25312000.0,0.004972898230088496,-0.11764705882352944,0.031214780283814303,-0.28009882813170217,0.009193307522123894,0.008730839127686473,0.006907751264222503,0.005634244627054362,0.06296492064924517,0.08846353989909274,0.10253990586162917,0.07908059517298442,232701.0,220995.0,174849.0,142614.0,270000.0,306000.0,306000.0,302000.0,1.490847,1.473893,1.4587,1.452768,-0.11764705882352944,0.013245033112582849,0.013245033112582849,0.08633093525179847,0.02523040824999767,0.01317219472191078,0.004083239718936538,0.02181605639806139,0.544851623182633,0.530966401108417,0.22602970255374655,-0.2329858982219497,,,,,,,,
EW,2025Q3,8578.0,152498.0,6.0,941.0,162023.0,,,1.519277,1.519277,0.112239,0.057199,1.519277,270000.0,3,947.0,0.005844849188078236,25312000.0,0.006401035082174463,-0.11764705882352944,0.03442882908890854,-0.2244177975634858,0.004972898230088496,0.009193307522123894,0.008253200063211124,0.006596910556257902,0.05496766607877719,0.06296492064924517,0.06957708049113233,0.03083584359897234,125874.0,232701.0,208905.0,166981.0,270000.0,270000.0,306000.0,302000.0,1.504233,1.490847,1.468711,1.455904,-0.11764705882352944,-0.11764705882352944,0.013245033112582849,0.08633093525179847,0.031214780283814303,0.02523040824999767,0.008796596478888752,0.01142724156017394,-0.28009882813170217,0.544851623182633,0.2510704810726969,-0.16519935008123987,,,,,,,,
EW,2025Q4,,,,,,,,1.521701,1.521701,0.112285,0.05724,1.521701,270000.0,1,,,25312000.0,,-0.11764705882352944,0.03243654729346024,,0.006401035082174463,0.004972898230088496,0.008730839127686473,0.0057028286978508215,0.005844849188078236,0.05496766607877719,0.08846353989909274,0.01898164184274333,162023.0,125874.0,220995.0,144350.0,270000.0,270000.0,306000.0,302000.0,1.519277,1.504233,1.473893,1.454731,-0.11764705882352944,-0.11764705882352944,0.013245033112582849,0.08633093525179847,0.03442882908890854,0.031214780283814303,0.01317219472191078,0.0026653083955492374,-0.2244177975634858,-0.28009882813170217,0.530966401108417,-0.18687508801577246,,,,,,,,
